user_id,block,problem,x1,y1,y2,Choice,Sex,Age,Subject,Trial
29rhCEibHFETpRFShgTi,1,20,-4,0,-12,0,female,27,1,1
29rhCEibHFETpRFShgTi,1,1,-2,0,-4,0,female,27,1,2
29rhCEibHFETpRFShgTi,1,21,-5,0,-6,1,female,27,1,3
29rhCEibHFETpRFShgTi,1,4,-2,0,-8,0,female,27,1,4
29rhCEibHFETpRFShgTi,1,10,-3,0,-5,0,female,27,1,5
29rhCEibHFETpRFShgTi,1,17,-4,0,-6,1,female,27,1,6
29rhCEibHFETpRFShgTi,1,25,-6,0,-8,0,female,27,1,7
29rhCEibHFETpRFShgTi,1,33,-10,0,-12,1,female,27,1,8
29rhCEibHFETpRFShgTi,1,32,-9,0,-11,1,female,27,1,9
29rhCEibHFETpRFShgTi,1,7,-2,0,-11,0,female,27,1,10
29rhCEibHFETpRFShgTi,1,34,-10,0,-5,1,female,27,1,11
29rhCEibHFETpRFShgTi,1,23,-5,0,-10,0,female,27,1,12
29rhCEibHFETpRFShgTi,1,5,-2,0,-9,0,female,27,1,13
29rhCEibHFETpRFShgTi,1,6,-2,0,-10,0,female,27,1,14
29rhCEibHFETpRFShgTi,1,2,-2,0,-5,0,female,27,1,15
29rhCEibHFETpRFShgTi,1,15,-3,0,-9,0,female,27,1,16
29rhCEibHFETpRFShgTi,1,29,-8,0,-12,0,female,27,1,17
29rhCEibHFETpRFShgTi,1,30,-8,0,-11,1,female,27,1,18
29rhCEibHFETpRFShgTi,1,16,-4,0,-5,1,female,27,1,19
29rhCEibHFETpRFShgTi,1,28,-8,0,-10,1,female,27,1,20
29rhCEibHFETpRFShgTi,1,12,-3,0,-8,0,female,27,1,21
29rhCEibHFETpRFShgTi,1,24,-5,0,-12,0,female,27,1,22
29rhCEibHFETpRFShgTi,1,9,-3,0,-4,1,female,27,1,23
29rhCEibHFETpRFShgTi,1,3,-2,0,-6,0,female,27,1,24
29rhCEibHFETpRFShgTi,1,13,-3,0,-10,0,female,27,1,25
29rhCEibHFETpRFShgTi,1,19,-4,0,-10,0,female,27,1,26
29rhCEibHFETpRFShgTi,1,35,-8,0,-2,1,female,27,1,27
29rhCEibHFETpRFShgTi,1,8,-2,0,-12,0,female,27,1,28
29rhCEibHFETpRFShgTi,1,11,-3,0,-6,0,female,27,1,29
29rhCEibHFETpRFShgTi,1,27,-6,0,-12,0,female,27,1,30
29rhCEibHFETpRFShgTi,1,18,-4,0,-8,0,female,27,1,31
29rhCEibHFETpRFShgTi,1,14,-3,0,-12,0,female,27,1,32
29rhCEibHFETpRFShgTi,1,31,-9,0,-12,1,female,27,1,33
29rhCEibHFETpRFShgTi,1,26,-6,0,-10,0,female,27,1,34
29rhCEibHFETpRFShgTi,1,22,-5,0,-8,1,female,27,1,35
29rhCEibHFETpRFShgTi,2,20,-4,0,-12,0,female,27,1,36
29rhCEibHFETpRFShgTi,2,1,-2,0,-4,1,female,27,1,37
29rhCEibHFETpRFShgTi,2,21,-5,0,-6,1,female,27,1,38
29rhCEibHFETpRFShgTi,2,4,-2,0,-8,0,female,27,1,39
29rhCEibHFETpRFShgTi,2,10,-3,0,-5,1,female,27,1,40
29rhCEibHFETpRFShgTi,2,17,-4,0,-6,1,female,27,1,41
29rhCEibHFETpRFShgTi,2,25,-6,0,-8,1,female,27,1,42
29rhCEibHFETpRFShgTi,2,33,-10,0,-12,1,female,27,1,43
29rhCEibHFETpRFShgTi,2,32,-9,0,-11,1,female,27,1,44
29rhCEibHFETpRFShgTi,2,7,-2,0,-11,0,female,27,1,45
29rhCEibHFETpRFShgTi,2,34,-10,0,-5,1,female,27,1,46
29rhCEibHFETpRFShgTi,2,23,-5,0,-10,0,female,27,1,47
29rhCEibHFETpRFShgTi,2,5,-2,0,-9,0,female,27,1,48
29rhCEibHFETpRFShgTi,2,6,-2,0,-10,0,female,27,1,49
29rhCEibHFETpRFShgTi,2,2,-2,0,-5,0,female,27,1,50
29rhCEibHFETpRFShgTi,2,15,-3,0,-9,0,female,27,1,51
29rhCEibHFETpRFShgTi,2,29,-8,0,-12,0,female,27,1,52
29rhCEibHFETpRFShgTi,2,30,-8,0,-11,0,female,27,1,53
29rhCEibHFETpRFShgTi,2,16,-4,0,-5,1,female,27,1,54
29rhCEibHFETpRFShgTi,2,28,-8,0,-10,1,female,27,1,55
29rhCEibHFETpRFShgTi,2,12,-3,0,-8,0,female,27,1,56
29rhCEibHFETpRFShgTi,2,24,-5,0,-12,0,female,27,1,57
29rhCEibHFETpRFShgTi,2,9,-3,0,-4,1,female,27,1,58
29rhCEibHFETpRFShgTi,2,3,-2,0,-6,0,female,27,1,59
29rhCEibHFETpRFShgTi,2,13,-3,0,-10,0,female,27,1,60
29rhCEibHFETpRFShgTi,2,19,-4,0,-10,0,female,27,1,61
29rhCEibHFETpRFShgTi,2,35,-8,0,-2,1,female,27,1,62
29rhCEibHFETpRFShgTi,2,8,-2,0,-12,0,female,27,1,63
29rhCEibHFETpRFShgTi,2,11,-3,0,-6,0,female,27,1,64
29rhCEibHFETpRFShgTi,2,27,-6,0,-12,0,female,27,1,65
29rhCEibHFETpRFShgTi,2,18,-4,0,-8,0,female,27,1,66
29rhCEibHFETpRFShgTi,2,14,-3,0,-12,0,female,27,1,67
29rhCEibHFETpRFShgTi,2,31,-9,0,-12,1,female,27,1,68
29rhCEibHFETpRFShgTi,2,26,-6,0,-10,0,female,27,1,69
29rhCEibHFETpRFShgTi,2,22,-5,0,-8,0,female,27,1,70
29rhCEibHFETpRFShgTi,3,20,-4,0,-12,0,female,27,1,71
29rhCEibHFETpRFShgTi,3,1,-2,0,-4,0,female,27,1,72
29rhCEibHFETpRFShgTi,3,21,-5,0,-6,1,female,27,1,73
29rhCEibHFETpRFShgTi,3,4,-2,0,-8,0,female,27,1,74
29rhCEibHFETpRFShgTi,3,10,-3,0,-5,0,female,27,1,75
29rhCEibHFETpRFShgTi,3,17,-4,0,-6,1,female,27,1,76
29rhCEibHFETpRFShgTi,3,25,-6,0,-8,1,female,27,1,77
29rhCEibHFETpRFShgTi,3,33,-10,0,-12,1,female,27,1,78
29rhCEibHFETpRFShgTi,3,32,-9,0,-11,1,female,27,1,79
29rhCEibHFETpRFShgTi,3,7,-2,0,-11,0,female,27,1,80
29rhCEibHFETpRFShgTi,3,34,-10,0,-5,1,female,27,1,81
29rhCEibHFETpRFShgTi,3,23,-5,0,-10,0,female,27,1,82
29rhCEibHFETpRFShgTi,3,5,-2,0,-9,0,female,27,1,83
29rhCEibHFETpRFShgTi,3,6,-2,0,-10,0,female,27,1,84
29rhCEibHFETpRFShgTi,3,2,-2,0,-5,0,female,27,1,85
29rhCEibHFETpRFShgTi,3,15,-3,0,-9,0,female,27,1,86
29rhCEibHFETpRFShgTi,3,29,-8,0,-12,1,female,27,1,87
29rhCEibHFETpRFShgTi,3,30,-8,0,-11,0,female,27,1,88
29rhCEibHFETpRFShgTi,3,16,-4,0,-5,1,female,27,1,89
29rhCEibHFETpRFShgTi,3,28,-8,0,-10,0,female,27,1,90
29rhCEibHFETpRFShgTi,3,12,-3,0,-8,0,female,27,1,91
29rhCEibHFETpRFShgTi,3,24,-5,0,-12,0,female,27,1,92
29rhCEibHFETpRFShgTi,3,9,-3,0,-4,0,female,27,1,93
29rhCEibHFETpRFShgTi,3,3,-2,0,-6,0,female,27,1,94
29rhCEibHFETpRFShgTi,3,13,-3,0,-10,0,female,27,1,95
29rhCEibHFETpRFShgTi,3,19,-4,0,-10,0,female,27,1,96
29rhCEibHFETpRFShgTi,3,35,-8,0,-2,1,female,27,1,97
29rhCEibHFETpRFShgTi,3,8,-2,0,-12,0,female,27,1,98
29rhCEibHFETpRFShgTi,3,11,-3,0,-6,0,female,27,1,99
29rhCEibHFETpRFShgTi,3,27,-6,0,-12,0,female,27,1,100
29rhCEibHFETpRFShgTi,3,18,-4,0,-8,0,female,27,1,101
29rhCEibHFETpRFShgTi,3,14,-3,0,-12,0,female,27,1,102
29rhCEibHFETpRFShgTi,3,31,-9,0,-12,0,female,27,1,103
29rhCEibHFETpRFShgTi,3,26,-6,0,-10,0,female,27,1,104
29rhCEibHFETpRFShgTi,3,22,-5,0,-8,0,female,27,1,105
3UVynZatfNNfYiEgMPpF,1,9,-3,0,-4,1,female,29,2,1
3UVynZatfNNfYiEgMPpF,1,19,-4,0,-10,0,female,29,2,2
3UVynZatfNNfYiEgMPpF,1,8,-2,0,-12,0,female,29,2,3
3UVynZatfNNfYiEgMPpF,1,20,-4,0,-12,0,female,29,2,4
3UVynZatfNNfYiEgMPpF,1,27,-6,0,-12,0,female,29,2,5
3UVynZatfNNfYiEgMPpF,1,14,-3,0,-12,0,female,29,2,6
3UVynZatfNNfYiEgMPpF,1,33,-10,0,-12,1,female,29,2,7
3UVynZatfNNfYiEgMPpF,1,35,-8,0,-2,1,female,29,2,8
3UVynZatfNNfYiEgMPpF,1,30,-8,0,-11,1,female,29,2,9
3UVynZatfNNfYiEgMPpF,1,11,-3,0,-6,0,female,29,2,10
3UVynZatfNNfYiEgMPpF,1,32,-9,0,-11,1,female,29,2,11
3UVynZatfNNfYiEgMPpF,1,15,-3,0,-9,0,female,29,2,12
3UVynZatfNNfYiEgMPpF,1,26,-6,0,-10,0,female,29,2,13
3UVynZatfNNfYiEgMPpF,1,28,-8,0,-10,1,female,29,2,14
3UVynZatfNNfYiEgMPpF,1,18,-4,0,-8,0,female,29,2,15
3UVynZatfNNfYiEgMPpF,1,23,-5,0,-10,0,female,29,2,16
3UVynZatfNNfYiEgMPpF,1,17,-4,0,-6,1,female,29,2,17
3UVynZatfNNfYiEgMPpF,1,6,-2,0,-10,0,female,29,2,18
3UVynZatfNNfYiEgMPpF,1,1,-2,0,-4,1,female,29,2,19
3UVynZatfNNfYiEgMPpF,1,5,-2,0,-9,0,female,29,2,20
3UVynZatfNNfYiEgMPpF,1,13,-3,0,-10,0,female,29,2,21
3UVynZatfNNfYiEgMPpF,1,25,-6,0,-8,1,female,29,2,22
3UVynZatfNNfYiEgMPpF,1,31,-9,0,-12,0,female,29,2,23
3UVynZatfNNfYiEgMPpF,1,12,-3,0,-8,1,female,29,2,24
3UVynZatfNNfYiEgMPpF,1,24,-5,0,-12,0,female,29,2,25
3UVynZatfNNfYiEgMPpF,1,2,-2,0,-5,1,female,29,2,26
3UVynZatfNNfYiEgMPpF,1,34,-10,0,-5,1,female,29,2,27
3UVynZatfNNfYiEgMPpF,1,29,-8,0,-12,0,female,29,2,28
3UVynZatfNNfYiEgMPpF,1,22,-5,0,-8,1,female,29,2,29
3UVynZatfNNfYiEgMPpF,1,7,-2,0,-11,0,female,29,2,30
3UVynZatfNNfYiEgMPpF,1,21,-5,0,-6,1,female,29,2,31
3UVynZatfNNfYiEgMPpF,1,3,-2,0,-6,1,female,29,2,32
3UVynZatfNNfYiEgMPpF,1,16,-4,0,-5,1,female,29,2,33
3UVynZatfNNfYiEgMPpF,1,10,-3,0,-5,1,female,29,2,34
3UVynZatfNNfYiEgMPpF,1,4,-2,0,-8,0,female,29,2,35
3UVynZatfNNfYiEgMPpF,2,9,-3,0,-4,1,female,29,2,36
3UVynZatfNNfYiEgMPpF,2,19,-4,0,-10,0,female,29,2,37
3UVynZatfNNfYiEgMPpF,2,8,-2,0,-12,0,female,29,2,38
3UVynZatfNNfYiEgMPpF,2,20,-4,0,-12,0,female,29,2,39
3UVynZatfNNfYiEgMPpF,2,27,-6,0,-12,0,female,29,2,40
3UVynZatfNNfYiEgMPpF,2,14,-3,0,-12,0,female,29,2,41
3UVynZatfNNfYiEgMPpF,2,33,-10,0,-12,1,female,29,2,42
3UVynZatfNNfYiEgMPpF,2,35,-8,0,-2,1,female,29,2,43
3UVynZatfNNfYiEgMPpF,2,30,-8,0,-11,1,female,29,2,44
3UVynZatfNNfYiEgMPpF,2,11,-3,0,-6,1,female,29,2,45
3UVynZatfNNfYiEgMPpF,2,32,-9,0,-11,1,female,29,2,46
3UVynZatfNNfYiEgMPpF,2,15,-3,0,-9,0,female,29,2,47
3UVynZatfNNfYiEgMPpF,2,26,-6,0,-10,0,female,29,2,48
3UVynZatfNNfYiEgMPpF,2,28,-8,0,-10,1,female,29,2,49
3UVynZatfNNfYiEgMPpF,2,18,-4,0,-8,0,female,29,2,50
3UVynZatfNNfYiEgMPpF,2,23,-5,0,-10,0,female,29,2,51
3UVynZatfNNfYiEgMPpF,2,17,-4,0,-6,1,female,29,2,52
3UVynZatfNNfYiEgMPpF,2,6,-2,0,-10,0,female,29,2,53
3UVynZatfNNfYiEgMPpF,2,1,-2,0,-4,0,female,29,2,54
3UVynZatfNNfYiEgMPpF,2,5,-2,0,-9,0,female,29,2,55
3UVynZatfNNfYiEgMPpF,2,13,-3,0,-10,0,female,29,2,56
3UVynZatfNNfYiEgMPpF,2,25,-6,0,-8,1,female,29,2,57
3UVynZatfNNfYiEgMPpF,2,31,-9,0,-12,0,female,29,2,58
3UVynZatfNNfYiEgMPpF,2,12,-3,0,-8,1,female,29,2,59
3UVynZatfNNfYiEgMPpF,2,24,-5,0,-12,0,female,29,2,60
3UVynZatfNNfYiEgMPpF,2,2,-2,0,-5,0,female,29,2,61
3UVynZatfNNfYiEgMPpF,2,34,-10,0,-5,1,female,29,2,62
3UVynZatfNNfYiEgMPpF,2,29,-8,0,-12,0,female,29,2,63
3UVynZatfNNfYiEgMPpF,2,22,-5,0,-8,0,female,29,2,64
3UVynZatfNNfYiEgMPpF,2,7,-2,0,-11,0,female,29,2,65
3UVynZatfNNfYiEgMPpF,2,21,-5,0,-6,0,female,29,2,66
3UVynZatfNNfYiEgMPpF,2,3,-2,0,-6,0,female,29,2,67
3UVynZatfNNfYiEgMPpF,2,16,-4,0,-5,0,female,29,2,68
3UVynZatfNNfYiEgMPpF,2,10,-3,0,-5,0,female,29,2,69
3UVynZatfNNfYiEgMPpF,2,4,-2,0,-8,0,female,29,2,70
3UVynZatfNNfYiEgMPpF,3,9,-3,0,-4,0,female,29,2,71
3UVynZatfNNfYiEgMPpF,3,19,-4,0,-10,0,female,29,2,72
3UVynZatfNNfYiEgMPpF,3,8,-2,0,-12,0,female,29,2,73
3UVynZatfNNfYiEgMPpF,3,20,-4,0,-12,0,female,29,2,74
3UVynZatfNNfYiEgMPpF,3,27,-6,0,-12,0,female,29,2,75
3UVynZatfNNfYiEgMPpF,3,14,-3,0,-12,0,female,29,2,76
3UVynZatfNNfYiEgMPpF,3,33,-10,0,-12,0,female,29,2,77
3UVynZatfNNfYiEgMPpF,3,35,-8,0,-2,1,female,29,2,78
3UVynZatfNNfYiEgMPpF,3,30,-8,0,-11,1,female,29,2,79
3UVynZatfNNfYiEgMPpF,3,11,-3,0,-6,0,female,29,2,80
3UVynZatfNNfYiEgMPpF,3,32,-9,0,-11,1,female,29,2,81
3UVynZatfNNfYiEgMPpF,3,15,-3,0,-9,0,female,29,2,82
3UVynZatfNNfYiEgMPpF,3,26,-6,0,-10,0,female,29,2,83
3UVynZatfNNfYiEgMPpF,3,28,-8,0,-10,1,female,29,2,84
3UVynZatfNNfYiEgMPpF,3,18,-4,0,-8,0,female,29,2,85
3UVynZatfNNfYiEgMPpF,3,23,-5,0,-10,0,female,29,2,86
3UVynZatfNNfYiEgMPpF,3,17,-4,0,-6,0,female,29,2,87
3UVynZatfNNfYiEgMPpF,3,6,-2,0,-10,0,female,29,2,88
3UVynZatfNNfYiEgMPpF,3,1,-2,0,-4,0,female,29,2,89
3UVynZatfNNfYiEgMPpF,3,5,-2,0,-9,0,female,29,2,90
3UVynZatfNNfYiEgMPpF,3,13,-3,0,-10,0,female,29,2,91
3UVynZatfNNfYiEgMPpF,3,25,-6,0,-8,1,female,29,2,92
3UVynZatfNNfYiEgMPpF,3,31,-9,0,-12,0,female,29,2,93
3UVynZatfNNfYiEgMPpF,3,12,-3,0,-8,0,female,29,2,94
3UVynZatfNNfYiEgMPpF,3,24,-5,0,-12,0,female,29,2,95
3UVynZatfNNfYiEgMPpF,3,2,-2,0,-5,0,female,29,2,96
3UVynZatfNNfYiEgMPpF,3,34,-10,0,-5,1,female,29,2,97
3UVynZatfNNfYiEgMPpF,3,29,-8,0,-12,0,female,29,2,98
3UVynZatfNNfYiEgMPpF,3,22,-5,0,-8,0,female,29,2,99
3UVynZatfNNfYiEgMPpF,3,7,-2,0,-11,0,female,29,2,100
3UVynZatfNNfYiEgMPpF,3,21,-5,0,-6,0,female,29,2,101
3UVynZatfNNfYiEgMPpF,3,3,-2,0,-6,0,female,29,2,102
3UVynZatfNNfYiEgMPpF,3,16,-4,0,-5,0,female,29,2,103
3UVynZatfNNfYiEgMPpF,3,10,-3,0,-5,0,female,29,2,104
3UVynZatfNNfYiEgMPpF,3,4,-2,0,-8,0,female,29,2,105
7rkF4UK7qMcHZbPysO7X,1,17,-4,0,-6,1,male,25,3,1
7rkF4UK7qMcHZbPysO7X,1,23,-5,0,-10,1,male,25,3,2
7rkF4UK7qMcHZbPysO7X,1,35,-8,0,-2,1,male,25,3,3
7rkF4UK7qMcHZbPysO7X,1,7,-2,0,-11,1,male,25,3,4
7rkF4UK7qMcHZbPysO7X,1,30,-8,0,-11,1,male,25,3,5
7rkF4UK7qMcHZbPysO7X,1,32,-9,0,-11,1,male,25,3,6
7rkF4UK7qMcHZbPysO7X,1,21,-5,0,-6,1,male,25,3,7
7rkF4UK7qMcHZbPysO7X,1,9,-3,0,-4,1,male,25,3,8
7rkF4UK7qMcHZbPysO7X,1,4,-2,0,-8,1,male,25,3,9
7rkF4UK7qMcHZbPysO7X,1,8,-2,0,-12,1,male,25,3,10
7rkF4UK7qMcHZbPysO7X,1,28,-8,0,-10,1,male,25,3,11
7rkF4UK7qMcHZbPysO7X,1,22,-5,0,-8,1,male,25,3,12
7rkF4UK7qMcHZbPysO7X,1,24,-5,0,-12,1,male,25,3,13
7rkF4UK7qMcHZbPysO7X,1,19,-4,0,-10,1,male,25,3,14
7rkF4UK7qMcHZbPysO7X,1,14,-3,0,-12,1,male,25,3,15
7rkF4UK7qMcHZbPysO7X,1,11,-3,0,-6,1,male,25,3,16
7rkF4UK7qMcHZbPysO7X,1,29,-8,0,-12,1,male,25,3,17
7rkF4UK7qMcHZbPysO7X,1,5,-2,0,-9,1,male,25,3,18
7rkF4UK7qMcHZbPysO7X,1,12,-3,0,-8,1,male,25,3,19
7rkF4UK7qMcHZbPysO7X,1,31,-9,0,-12,1,male,25,3,20
7rkF4UK7qMcHZbPysO7X,1,20,-4,0,-12,1,male,25,3,21
7rkF4UK7qMcHZbPysO7X,1,26,-6,0,-10,1,male,25,3,22
7rkF4UK7qMcHZbPysO7X,1,18,-4,0,-8,1,male,25,3,23
7rkF4UK7qMcHZbPysO7X,1,33,-10,0,-12,1,male,25,3,24
7rkF4UK7qMcHZbPysO7X,1,34,-10,0,-5,1,male,25,3,25
7rkF4UK7qMcHZbPysO7X,1,13,-3,0,-10,1,male,25,3,26
7rkF4UK7qMcHZbPysO7X,1,27,-6,0,-12,1,male,25,3,27
7rkF4UK7qMcHZbPysO7X,1,3,-2,0,-6,1,male,25,3,28
7rkF4UK7qMcHZbPysO7X,1,2,-2,0,-5,1,male,25,3,29
7rkF4UK7qMcHZbPysO7X,1,10,-3,0,-5,1,male,25,3,30
7rkF4UK7qMcHZbPysO7X,1,25,-6,0,-8,1,male,25,3,31
7rkF4UK7qMcHZbPysO7X,1,6,-2,0,-10,1,male,25,3,32
7rkF4UK7qMcHZbPysO7X,1,1,-2,0,-4,1,male,25,3,33
7rkF4UK7qMcHZbPysO7X,1,15,-3,0,-9,1,male,25,3,34
7rkF4UK7qMcHZbPysO7X,1,16,-4,0,-5,1,male,25,3,35
7rkF4UK7qMcHZbPysO7X,2,17,-4,0,-6,1,male,25,3,36
7rkF4UK7qMcHZbPysO7X,2,23,-5,0,-10,1,male,25,3,37
7rkF4UK7qMcHZbPysO7X,2,35,-8,0,-2,1,male,25,3,38
7rkF4UK7qMcHZbPysO7X,2,7,-2,0,-11,1,male,25,3,39
7rkF4UK7qMcHZbPysO7X,2,30,-8,0,-11,1,male,25,3,40
7rkF4UK7qMcHZbPysO7X,2,32,-9,0,-11,1,male,25,3,41
7rkF4UK7qMcHZbPysO7X,2,21,-5,0,-6,1,male,25,3,42
7rkF4UK7qMcHZbPysO7X,2,9,-3,0,-4,1,male,25,3,43
7rkF4UK7qMcHZbPysO7X,2,4,-2,0,-8,1,male,25,3,44
7rkF4UK7qMcHZbPysO7X,2,8,-2,0,-12,1,male,25,3,45
7rkF4UK7qMcHZbPysO7X,2,28,-8,0,-10,1,male,25,3,46
7rkF4UK7qMcHZbPysO7X,2,22,-5,0,-8,1,male,25,3,47
7rkF4UK7qMcHZbPysO7X,2,24,-5,0,-12,1,male,25,3,48
7rkF4UK7qMcHZbPysO7X,2,19,-4,0,-10,1,male,25,3,49
7rkF4UK7qMcHZbPysO7X,2,14,-3,0,-12,1,male,25,3,50
7rkF4UK7qMcHZbPysO7X,2,11,-3,0,-6,1,male,25,3,51
7rkF4UK7qMcHZbPysO7X,2,29,-8,0,-12,1,male,25,3,52
7rkF4UK7qMcHZbPysO7X,2,5,-2,0,-9,1,male,25,3,53
7rkF4UK7qMcHZbPysO7X,2,12,-3,0,-8,1,male,25,3,54
7rkF4UK7qMcHZbPysO7X,2,31,-9,0,-12,1,male,25,3,55
7rkF4UK7qMcHZbPysO7X,2,20,-4,0,-12,1,male,25,3,56
7rkF4UK7qMcHZbPysO7X,2,26,-6,0,-10,1,male,25,3,57
7rkF4UK7qMcHZbPysO7X,2,18,-4,0,-8,1,male,25,3,58
7rkF4UK7qMcHZbPysO7X,2,33,-10,0,-12,1,male,25,3,59
7rkF4UK7qMcHZbPysO7X,2,34,-10,0,-5,1,male,25,3,60
7rkF4UK7qMcHZbPysO7X,2,13,-3,0,-10,1,male,25,3,61
7rkF4UK7qMcHZbPysO7X,2,27,-6,0,-12,1,male,25,3,62
7rkF4UK7qMcHZbPysO7X,2,3,-2,0,-6,1,male,25,3,63
7rkF4UK7qMcHZbPysO7X,2,2,-2,0,-5,1,male,25,3,64
7rkF4UK7qMcHZbPysO7X,2,10,-3,0,-5,1,male,25,3,65
7rkF4UK7qMcHZbPysO7X,2,25,-6,0,-8,1,male,25,3,66
7rkF4UK7qMcHZbPysO7X,2,6,-2,0,-10,1,male,25,3,67
7rkF4UK7qMcHZbPysO7X,2,1,-2,0,-4,1,male,25,3,68
7rkF4UK7qMcHZbPysO7X,2,15,-3,0,-9,1,male,25,3,69
7rkF4UK7qMcHZbPysO7X,2,16,-4,0,-5,1,male,25,3,70
7rkF4UK7qMcHZbPysO7X,3,17,-4,0,-6,1,male,25,3,71
7rkF4UK7qMcHZbPysO7X,3,23,-5,0,-10,1,male,25,3,72
7rkF4UK7qMcHZbPysO7X,3,35,-8,0,-2,1,male,25,3,73
7rkF4UK7qMcHZbPysO7X,3,7,-2,0,-11,1,male,25,3,74
7rkF4UK7qMcHZbPysO7X,3,30,-8,0,-11,1,male,25,3,75
7rkF4UK7qMcHZbPysO7X,3,32,-9,0,-11,1,male,25,3,76
7rkF4UK7qMcHZbPysO7X,3,21,-5,0,-6,1,male,25,3,77
7rkF4UK7qMcHZbPysO7X,3,9,-3,0,-4,1,male,25,3,78
7rkF4UK7qMcHZbPysO7X,3,4,-2,0,-8,1,male,25,3,79
7rkF4UK7qMcHZbPysO7X,3,8,-2,0,-12,1,male,25,3,80
7rkF4UK7qMcHZbPysO7X,3,28,-8,0,-10,1,male,25,3,81
7rkF4UK7qMcHZbPysO7X,3,22,-5,0,-8,1,male,25,3,82
7rkF4UK7qMcHZbPysO7X,3,24,-5,0,-12,1,male,25,3,83
7rkF4UK7qMcHZbPysO7X,3,19,-4,0,-10,1,male,25,3,84
7rkF4UK7qMcHZbPysO7X,3,14,-3,0,-12,1,male,25,3,85
7rkF4UK7qMcHZbPysO7X,3,11,-3,0,-6,1,male,25,3,86
7rkF4UK7qMcHZbPysO7X,3,29,-8,0,-12,1,male,25,3,87
7rkF4UK7qMcHZbPysO7X,3,5,-2,0,-9,1,male,25,3,88
7rkF4UK7qMcHZbPysO7X,3,12,-3,0,-8,1,male,25,3,89
7rkF4UK7qMcHZbPysO7X,3,31,-9,0,-12,1,male,25,3,90
7rkF4UK7qMcHZbPysO7X,3,20,-4,0,-12,1,male,25,3,91
7rkF4UK7qMcHZbPysO7X,3,26,-6,0,-10,1,male,25,3,92
7rkF4UK7qMcHZbPysO7X,3,18,-4,0,-8,1,male,25,3,93
7rkF4UK7qMcHZbPysO7X,3,33,-10,0,-12,1,male,25,3,94
7rkF4UK7qMcHZbPysO7X,3,34,-10,0,-5,1,male,25,3,95
7rkF4UK7qMcHZbPysO7X,3,13,-3,0,-10,1,male,25,3,96
7rkF4UK7qMcHZbPysO7X,3,27,-6,0,-12,1,male,25,3,97
7rkF4UK7qMcHZbPysO7X,3,3,-2,0,-6,1,male,25,3,98
7rkF4UK7qMcHZbPysO7X,3,2,-2,0,-5,1,male,25,3,99
7rkF4UK7qMcHZbPysO7X,3,10,-3,0,-5,1,male,25,3,100
7rkF4UK7qMcHZbPysO7X,3,25,-6,0,-8,1,male,25,3,101
7rkF4UK7qMcHZbPysO7X,3,6,-2,0,-10,1,male,25,3,102
7rkF4UK7qMcHZbPysO7X,3,1,-2,0,-4,1,male,25,3,103
7rkF4UK7qMcHZbPysO7X,3,15,-3,0,-9,1,male,25,3,104
7rkF4UK7qMcHZbPysO7X,3,16,-4,0,-5,1,male,25,3,105
BwdNAFCOK8HdfEhHZw7j,1,29,-8,0,-12,1,male,27,4,1
BwdNAFCOK8HdfEhHZw7j,1,23,-5,0,-10,1,male,27,4,2
BwdNAFCOK8HdfEhHZw7j,1,28,-8,0,-10,1,male,27,4,3
BwdNAFCOK8HdfEhHZw7j,1,1,-2,0,-4,1,male,27,4,4
BwdNAFCOK8HdfEhHZw7j,1,12,-3,0,-8,1,male,27,4,5
BwdNAFCOK8HdfEhHZw7j,1,5,-2,0,-9,1,male,27,4,6
BwdNAFCOK8HdfEhHZw7j,1,32,-9,0,-11,1,male,27,4,7
BwdNAFCOK8HdfEhHZw7j,1,7,-2,0,-11,1,male,27,4,8
BwdNAFCOK8HdfEhHZw7j,1,27,-6,0,-12,1,male,27,4,9
BwdNAFCOK8HdfEhHZw7j,1,22,-5,0,-8,1,male,27,4,10
BwdNAFCOK8HdfEhHZw7j,1,4,-2,0,-8,1,male,27,4,11
BwdNAFCOK8HdfEhHZw7j,1,19,-4,0,-10,1,male,27,4,12
BwdNAFCOK8HdfEhHZw7j,1,13,-3,0,-10,1,male,27,4,13
BwdNAFCOK8HdfEhHZw7j,1,8,-2,0,-12,1,male,27,4,14
BwdNAFCOK8HdfEhHZw7j,1,35,-8,0,-2,1,male,27,4,15
BwdNAFCOK8HdfEhHZw7j,1,31,-9,0,-12,1,male,27,4,16
BwdNAFCOK8HdfEhHZw7j,1,21,-5,0,-6,1,male,27,4,17
BwdNAFCOK8HdfEhHZw7j,1,17,-4,0,-6,1,male,27,4,18
BwdNAFCOK8HdfEhHZw7j,1,6,-2,0,-10,1,male,27,4,19
BwdNAFCOK8HdfEhHZw7j,1,14,-3,0,-12,1,male,27,4,20
BwdNAFCOK8HdfEhHZw7j,1,15,-3,0,-9,1,male,27,4,21
BwdNAFCOK8HdfEhHZw7j,1,3,-2,0,-6,1,male,27,4,22
BwdNAFCOK8HdfEhHZw7j,1,26,-6,0,-10,1,male,27,4,23
BwdNAFCOK8HdfEhHZw7j,1,9,-3,0,-4,1,male,27,4,24
BwdNAFCOK8HdfEhHZw7j,1,11,-3,0,-6,1,male,27,4,25
BwdNAFCOK8HdfEhHZw7j,1,25,-6,0,-8,1,male,27,4,26
BwdNAFCOK8HdfEhHZw7j,1,20,-4,0,-12,1,male,27,4,27
BwdNAFCOK8HdfEhHZw7j,1,34,-10,0,-5,1,male,27,4,28
BwdNAFCOK8HdfEhHZw7j,1,24,-5,0,-12,1,male,27,4,29
BwdNAFCOK8HdfEhHZw7j,1,18,-4,0,-8,1,male,27,4,30
BwdNAFCOK8HdfEhHZw7j,1,2,-2,0,-5,1,male,27,4,31
BwdNAFCOK8HdfEhHZw7j,1,16,-4,0,-5,1,male,27,4,32
BwdNAFCOK8HdfEhHZw7j,1,33,-10,0,-12,1,male,27,4,33
BwdNAFCOK8HdfEhHZw7j,1,10,-3,0,-5,1,male,27,4,34
BwdNAFCOK8HdfEhHZw7j,1,30,-8,0,-11,1,male,27,4,35
BwdNAFCOK8HdfEhHZw7j,2,29,-8,0,-12,1,male,27,4,36
BwdNAFCOK8HdfEhHZw7j,2,23,-5,0,-10,1,male,27,4,37
BwdNAFCOK8HdfEhHZw7j,2,28,-8,0,-10,1,male,27,4,38
BwdNAFCOK8HdfEhHZw7j,2,1,-2,0,-4,1,male,27,4,39
BwdNAFCOK8HdfEhHZw7j,2,12,-3,0,-8,1,male,27,4,40
BwdNAFCOK8HdfEhHZw7j,2,5,-2,0,-9,1,male,27,4,41
BwdNAFCOK8HdfEhHZw7j,2,32,-9,0,-11,1,male,27,4,42
BwdNAFCOK8HdfEhHZw7j,2,7,-2,0,-11,1,male,27,4,43
BwdNAFCOK8HdfEhHZw7j,2,27,-6,0,-12,1,male,27,4,44
BwdNAFCOK8HdfEhHZw7j,2,22,-5,0,-8,1,male,27,4,45
BwdNAFCOK8HdfEhHZw7j,2,4,-2,0,-8,1,male,27,4,46
BwdNAFCOK8HdfEhHZw7j,2,19,-4,0,-10,1,male,27,4,47
BwdNAFCOK8HdfEhHZw7j,2,13,-3,0,-10,1,male,27,4,48
BwdNAFCOK8HdfEhHZw7j,2,8,-2,0,-12,1,male,27,4,49
BwdNAFCOK8HdfEhHZw7j,2,35,-8,0,-2,1,male,27,4,50
BwdNAFCOK8HdfEhHZw7j,2,31,-9,0,-12,1,male,27,4,51
BwdNAFCOK8HdfEhHZw7j,2,21,-5,0,-6,1,male,27,4,52
BwdNAFCOK8HdfEhHZw7j,2,17,-4,0,-6,1,male,27,4,53
BwdNAFCOK8HdfEhHZw7j,2,6,-2,0,-10,1,male,27,4,54
BwdNAFCOK8HdfEhHZw7j,2,14,-3,0,-12,1,male,27,4,55
BwdNAFCOK8HdfEhHZw7j,2,15,-3,0,-9,1,male,27,4,56
BwdNAFCOK8HdfEhHZw7j,2,3,-2,0,-6,1,male,27,4,57
BwdNAFCOK8HdfEhHZw7j,2,26,-6,0,-10,1,male,27,4,58
BwdNAFCOK8HdfEhHZw7j,2,9,-3,0,-4,1,male,27,4,59
BwdNAFCOK8HdfEhHZw7j,2,11,-3,0,-6,1,male,27,4,60
BwdNAFCOK8HdfEhHZw7j,2,25,-6,0,-8,1,male,27,4,61
BwdNAFCOK8HdfEhHZw7j,2,20,-4,0,-12,1,male,27,4,62
BwdNAFCOK8HdfEhHZw7j,2,34,-10,0,-5,1,male,27,4,63
BwdNAFCOK8HdfEhHZw7j,2,24,-5,0,-12,1,male,27,4,64
BwdNAFCOK8HdfEhHZw7j,2,18,-4,0,-8,1,male,27,4,65
BwdNAFCOK8HdfEhHZw7j,2,2,-2,0,-5,1,male,27,4,66
BwdNAFCOK8HdfEhHZw7j,2,16,-4,0,-5,1,male,27,4,67
BwdNAFCOK8HdfEhHZw7j,2,33,-10,0,-12,1,male,27,4,68
BwdNAFCOK8HdfEhHZw7j,2,10,-3,0,-5,1,male,27,4,69
BwdNAFCOK8HdfEhHZw7j,2,30,-8,0,-11,1,male,27,4,70
BwdNAFCOK8HdfEhHZw7j,3,29,-8,0,-12,1,male,27,4,71
BwdNAFCOK8HdfEhHZw7j,3,23,-5,0,-10,1,male,27,4,72
BwdNAFCOK8HdfEhHZw7j,3,28,-8,0,-10,1,male,27,4,73
BwdNAFCOK8HdfEhHZw7j,3,1,-2,0,-4,1,male,27,4,74
BwdNAFCOK8HdfEhHZw7j,3,12,-3,0,-8,1,male,27,4,75
BwdNAFCOK8HdfEhHZw7j,3,5,-2,0,-9,1,male,27,4,76
BwdNAFCOK8HdfEhHZw7j,3,32,-9,0,-11,1,male,27,4,77
BwdNAFCOK8HdfEhHZw7j,3,7,-2,0,-11,1,male,27,4,78
BwdNAFCOK8HdfEhHZw7j,3,27,-6,0,-12,1,male,27,4,79
BwdNAFCOK8HdfEhHZw7j,3,22,-5,0,-8,1,male,27,4,80
BwdNAFCOK8HdfEhHZw7j,3,4,-2,0,-8,1,male,27,4,81
BwdNAFCOK8HdfEhHZw7j,3,19,-4,0,-10,1,male,27,4,82
BwdNAFCOK8HdfEhHZw7j,3,13,-3,0,-10,1,male,27,4,83
BwdNAFCOK8HdfEhHZw7j,3,8,-2,0,-12,1,male,27,4,84
BwdNAFCOK8HdfEhHZw7j,3,35,-8,0,-2,1,male,27,4,85
BwdNAFCOK8HdfEhHZw7j,3,31,-9,0,-12,1,male,27,4,86
BwdNAFCOK8HdfEhHZw7j,3,21,-5,0,-6,1,male,27,4,87
BwdNAFCOK8HdfEhHZw7j,3,17,-4,0,-6,1,male,27,4,88
BwdNAFCOK8HdfEhHZw7j,3,6,-2,0,-10,1,male,27,4,89
BwdNAFCOK8HdfEhHZw7j,3,14,-3,0,-12,1,male,27,4,90
BwdNAFCOK8HdfEhHZw7j,3,15,-3,0,-9,1,male,27,4,91
BwdNAFCOK8HdfEhHZw7j,3,3,-2,0,-6,1,male,27,4,92
BwdNAFCOK8HdfEhHZw7j,3,26,-6,0,-10,1,male,27,4,93
BwdNAFCOK8HdfEhHZw7j,3,9,-3,0,-4,1,male,27,4,94
BwdNAFCOK8HdfEhHZw7j,3,11,-3,0,-6,1,male,27,4,95
BwdNAFCOK8HdfEhHZw7j,3,25,-6,0,-8,1,male,27,4,96
BwdNAFCOK8HdfEhHZw7j,3,20,-4,0,-12,1,male,27,4,97
BwdNAFCOK8HdfEhHZw7j,3,34,-10,0,-5,1,male,27,4,98
BwdNAFCOK8HdfEhHZw7j,3,24,-5,0,-12,1,male,27,4,99
BwdNAFCOK8HdfEhHZw7j,3,18,-4,0,-8,1,male,27,4,100
BwdNAFCOK8HdfEhHZw7j,3,2,-2,0,-5,1,male,27,4,101
BwdNAFCOK8HdfEhHZw7j,3,16,-4,0,-5,1,male,27,4,102
BwdNAFCOK8HdfEhHZw7j,3,33,-10,0,-12,1,male,27,4,103
BwdNAFCOK8HdfEhHZw7j,3,10,-3,0,-5,1,male,27,4,104
BwdNAFCOK8HdfEhHZw7j,3,30,-8,0,-11,1,male,27,4,105
DNY9FLpIis4cUndvanIW,1,19,-4,0,-10,0,other: Non-binary,34,5,1
DNY9FLpIis4cUndvanIW,1,23,-5,0,-10,0,other: Non-binary,34,5,2
DNY9FLpIis4cUndvanIW,1,3,-2,0,-6,0,other: Non-binary,34,5,3
DNY9FLpIis4cUndvanIW,1,9,-3,0,-4,1,other: Non-binary,34,5,4
DNY9FLpIis4cUndvanIW,1,31,-9,0,-12,0,other: Non-binary,34,5,5
DNY9FLpIis4cUndvanIW,1,27,-6,0,-12,0,other: Non-binary,34,5,6
DNY9FLpIis4cUndvanIW,1,15,-3,0,-9,0,other: Non-binary,34,5,7
DNY9FLpIis4cUndvanIW,1,7,-2,0,-11,0,other: Non-binary,34,5,8
DNY9FLpIis4cUndvanIW,1,10,-3,0,-5,0,other: Non-binary,34,5,9
DNY9FLpIis4cUndvanIW,1,5,-2,0,-9,0,other: Non-binary,34,5,10
DNY9FLpIis4cUndvanIW,1,26,-6,0,-10,0,other: Non-binary,34,5,11
DNY9FLpIis4cUndvanIW,1,30,-8,0,-11,0,other: Non-binary,34,5,12
DNY9FLpIis4cUndvanIW,1,25,-6,0,-8,0,other: Non-binary,34,5,13
DNY9FLpIis4cUndvanIW,1,1,-2,0,-4,1,other: Non-binary,34,5,14
DNY9FLpIis4cUndvanIW,1,32,-9,0,-11,0,other: Non-binary,34,5,15
DNY9FLpIis4cUndvanIW,1,29,-8,0,-12,0,other: Non-binary,34,5,16
DNY9FLpIis4cUndvanIW,1,8,-2,0,-12,0,other: Non-binary,34,5,17
DNY9FLpIis4cUndvanIW,1,21,-5,0,-6,1,other: Non-binary,34,5,18
DNY9FLpIis4cUndvanIW,1,6,-2,0,-10,0,other: Non-binary,34,5,19
DNY9FLpIis4cUndvanIW,1,12,-3,0,-8,0,other: Non-binary,34,5,20
DNY9FLpIis4cUndvanIW,1,13,-3,0,-10,0,other: Non-binary,34,5,21
DNY9FLpIis4cUndvanIW,1,14,-3,0,-12,0,other: Non-binary,34,5,22
DNY9FLpIis4cUndvanIW,1,11,-3,0,-6,0,other: Non-binary,34,5,23
DNY9FLpIis4cUndvanIW,1,33,-10,0,-12,0,other: Non-binary,34,5,24
DNY9FLpIis4cUndvanIW,1,35,-8,0,-2,1,other: Non-binary,34,5,25
DNY9FLpIis4cUndvanIW,1,34,-10,0,-5,1,other: Non-binary,34,5,26
DNY9FLpIis4cUndvanIW,1,28,-8,0,-10,0,other: Non-binary,34,5,27
DNY9FLpIis4cUndvanIW,1,2,-2,0,-5,0,other: Non-binary,34,5,28
DNY9FLpIis4cUndvanIW,1,20,-4,0,-12,0,other: Non-binary,34,5,29
DNY9FLpIis4cUndvanIW,1,24,-5,0,-12,0,other: Non-binary,34,5,30
DNY9FLpIis4cUndvanIW,1,22,-5,0,-8,0,other: Non-binary,34,5,31
DNY9FLpIis4cUndvanIW,1,16,-4,0,-5,1,other: Non-binary,34,5,32
DNY9FLpIis4cUndvanIW,1,4,-2,0,-8,0,other: Non-binary,34,5,33
DNY9FLpIis4cUndvanIW,1,18,-4,0,-8,0,other: Non-binary,34,5,34
DNY9FLpIis4cUndvanIW,1,17,-4,0,-6,0,other: Non-binary,34,5,35
DNY9FLpIis4cUndvanIW,2,19,-4,0,-10,0,other: Non-binary,34,5,36
DNY9FLpIis4cUndvanIW,2,23,-5,0,-10,0,other: Non-binary,34,5,37
DNY9FLpIis4cUndvanIW,2,3,-2,0,-6,0,other: Non-binary,34,5,38
DNY9FLpIis4cUndvanIW,2,9,-3,0,-4,1,other: Non-binary,34,5,39
DNY9FLpIis4cUndvanIW,2,31,-9,0,-12,0,other: Non-binary,34,5,40
DNY9FLpIis4cUndvanIW,2,27,-6,0,-12,0,other: Non-binary,34,5,41
DNY9FLpIis4cUndvanIW,2,15,-3,0,-9,0,other: Non-binary,34,5,42
DNY9FLpIis4cUndvanIW,2,7,-2,0,-11,0,other: Non-binary,34,5,43
DNY9FLpIis4cUndvanIW,2,10,-3,0,-5,0,other: Non-binary,34,5,44
DNY9FLpIis4cUndvanIW,2,5,-2,0,-9,0,other: Non-binary,34,5,45
DNY9FLpIis4cUndvanIW,2,26,-6,0,-10,0,other: Non-binary,34,5,46
DNY9FLpIis4cUndvanIW,2,30,-8,0,-11,0,other: Non-binary,34,5,47
DNY9FLpIis4cUndvanIW,2,25,-6,0,-8,0,other: Non-binary,34,5,48
DNY9FLpIis4cUndvanIW,2,1,-2,0,-4,1,other: Non-binary,34,5,49
DNY9FLpIis4cUndvanIW,2,32,-9,0,-11,0,other: Non-binary,34,5,50
DNY9FLpIis4cUndvanIW,2,29,-8,0,-12,0,other: Non-binary,34,5,51
DNY9FLpIis4cUndvanIW,2,8,-2,0,-12,0,other: Non-binary,34,5,52
DNY9FLpIis4cUndvanIW,2,21,-5,0,-6,1,other: Non-binary,34,5,53
DNY9FLpIis4cUndvanIW,2,6,-2,0,-10,0,other: Non-binary,34,5,54
DNY9FLpIis4cUndvanIW,2,12,-3,0,-8,0,other: Non-binary,34,5,55
DNY9FLpIis4cUndvanIW,2,13,-3,0,-10,0,other: Non-binary,34,5,56
DNY9FLpIis4cUndvanIW,2,14,-3,0,-12,0,other: Non-binary,34,5,57
DNY9FLpIis4cUndvanIW,2,11,-3,0,-6,0,other: Non-binary,34,5,58
DNY9FLpIis4cUndvanIW,2,33,-10,0,-12,0,other: Non-binary,34,5,59
DNY9FLpIis4cUndvanIW,2,35,-8,0,-2,1,other: Non-binary,34,5,60
DNY9FLpIis4cUndvanIW,2,34,-10,0,-5,1,other: Non-binary,34,5,61
DNY9FLpIis4cUndvanIW,2,28,-8,0,-10,0,other: Non-binary,34,5,62
DNY9FLpIis4cUndvanIW,2,2,-2,0,-5,0,other: Non-binary,34,5,63
DNY9FLpIis4cUndvanIW,2,20,-4,0,-12,0,other: Non-binary,34,5,64
DNY9FLpIis4cUndvanIW,2,24,-5,0,-12,0,other: Non-binary,34,5,65
DNY9FLpIis4cUndvanIW,2,22,-5,0,-8,0,other: Non-binary,34,5,66
DNY9FLpIis4cUndvanIW,2,16,-4,0,-5,1,other: Non-binary,34,5,67
DNY9FLpIis4cUndvanIW,2,4,-2,0,-8,0,other: Non-binary,34,5,68
DNY9FLpIis4cUndvanIW,2,18,-4,0,-8,0,other: Non-binary,34,5,69
DNY9FLpIis4cUndvanIW,2,17,-4,0,-6,0,other: Non-binary,34,5,70
DNY9FLpIis4cUndvanIW,3,19,-4,0,-10,0,other: Non-binary,34,5,71
DNY9FLpIis4cUndvanIW,3,23,-5,0,-10,0,other: Non-binary,34,5,72
DNY9FLpIis4cUndvanIW,3,3,-2,0,-6,0,other: Non-binary,34,5,73
DNY9FLpIis4cUndvanIW,3,9,-3,0,-4,1,other: Non-binary,34,5,74
DNY9FLpIis4cUndvanIW,3,31,-9,0,-12,0,other: Non-binary,34,5,75
DNY9FLpIis4cUndvanIW,3,27,-6,0,-12,0,other: Non-binary,34,5,76
DNY9FLpIis4cUndvanIW,3,15,-3,0,-9,0,other: Non-binary,34,5,77
DNY9FLpIis4cUndvanIW,3,7,-2,0,-11,0,other: Non-binary,34,5,78
DNY9FLpIis4cUndvanIW,3,10,-3,0,-5,0,other: Non-binary,34,5,79
DNY9FLpIis4cUndvanIW,3,5,-2,0,-9,0,other: Non-binary,34,5,80
DNY9FLpIis4cUndvanIW,3,26,-6,0,-10,0,other: Non-binary,34,5,81
DNY9FLpIis4cUndvanIW,3,30,-8,0,-11,0,other: Non-binary,34,5,82
DNY9FLpIis4cUndvanIW,3,25,-6,0,-8,0,other: Non-binary,34,5,83
DNY9FLpIis4cUndvanIW,3,1,-2,0,-4,0,other: Non-binary,34,5,84
DNY9FLpIis4cUndvanIW,3,32,-9,0,-11,0,other: Non-binary,34,5,85
DNY9FLpIis4cUndvanIW,3,29,-8,0,-12,0,other: Non-binary,34,5,86
DNY9FLpIis4cUndvanIW,3,8,-2,0,-12,0,other: Non-binary,34,5,87
DNY9FLpIis4cUndvanIW,3,21,-5,0,-6,1,other: Non-binary,34,5,88
DNY9FLpIis4cUndvanIW,3,6,-2,0,-10,0,other: Non-binary,34,5,89
DNY9FLpIis4cUndvanIW,3,12,-3,0,-8,0,other: Non-binary,34,5,90
DNY9FLpIis4cUndvanIW,3,13,-3,0,-10,0,other: Non-binary,34,5,91
DNY9FLpIis4cUndvanIW,3,14,-3,0,-12,0,other: Non-binary,34,5,92
DNY9FLpIis4cUndvanIW,3,11,-3,0,-6,0,other: Non-binary,34,5,93
DNY9FLpIis4cUndvanIW,3,33,-10,0,-12,0,other: Non-binary,34,5,94
DNY9FLpIis4cUndvanIW,3,35,-8,0,-2,1,other: Non-binary,34,5,95
DNY9FLpIis4cUndvanIW,3,34,-10,0,-5,1,other: Non-binary,34,5,96
DNY9FLpIis4cUndvanIW,3,28,-8,0,-10,0,other: Non-binary,34,5,97
DNY9FLpIis4cUndvanIW,3,2,-2,0,-5,0,other: Non-binary,34,5,98
DNY9FLpIis4cUndvanIW,3,20,-4,0,-12,0,other: Non-binary,34,5,99
DNY9FLpIis4cUndvanIW,3,24,-5,0,-12,0,other: Non-binary,34,5,100
DNY9FLpIis4cUndvanIW,3,22,-5,0,-8,0,other: Non-binary,34,5,101
DNY9FLpIis4cUndvanIW,3,16,-4,0,-5,1,other: Non-binary,34,5,102
DNY9FLpIis4cUndvanIW,3,4,-2,0,-8,0,other: Non-binary,34,5,103
DNY9FLpIis4cUndvanIW,3,18,-4,0,-8,0,other: Non-binary,34,5,104
DNY9FLpIis4cUndvanIW,3,17,-4,0,-6,0,other: Non-binary,34,5,105
IEM9gTS7P0mkobtfFtm3,1,5,-2,0,-9,0,male,28,6,1
IEM9gTS7P0mkobtfFtm3,1,3,-2,0,-6,0,male,28,6,2
IEM9gTS7P0mkobtfFtm3,1,17,-4,0,-6,1,male,28,6,3
IEM9gTS7P0mkobtfFtm3,1,19,-4,0,-10,0,male,28,6,4
IEM9gTS7P0mkobtfFtm3,1,32,-9,0,-11,1,male,28,6,5
IEM9gTS7P0mkobtfFtm3,1,26,-6,0,-10,0,male,28,6,6
IEM9gTS7P0mkobtfFtm3,1,1,-2,0,-4,0,male,28,6,7
IEM9gTS7P0mkobtfFtm3,1,30,-8,0,-11,1,male,28,6,8
IEM9gTS7P0mkobtfFtm3,1,22,-5,0,-8,1,male,28,6,9
IEM9gTS7P0mkobtfFtm3,1,29,-8,0,-12,1,male,28,6,10
IEM9gTS7P0mkobtfFtm3,1,15,-3,0,-9,0,male,28,6,11
IEM9gTS7P0mkobtfFtm3,1,34,-10,0,-5,1,male,28,6,12
IEM9gTS7P0mkobtfFtm3,1,35,-8,0,-2,1,male,28,6,13
IEM9gTS7P0mkobtfFtm3,1,25,-6,0,-8,1,male,28,6,14
IEM9gTS7P0mkobtfFtm3,1,28,-8,0,-10,1,male,28,6,15
IEM9gTS7P0mkobtfFtm3,1,14,-3,0,-12,0,male,28,6,16
IEM9gTS7P0mkobtfFtm3,1,9,-3,0,-4,1,male,28,6,17
IEM9gTS7P0mkobtfFtm3,1,31,-9,0,-12,1,male,28,6,18
IEM9gTS7P0mkobtfFtm3,1,8,-2,0,-12,0,male,28,6,19
IEM9gTS7P0mkobtfFtm3,1,33,-10,0,-12,1,male,28,6,20
IEM9gTS7P0mkobtfFtm3,1,12,-3,0,-8,0,male,28,6,21
IEM9gTS7P0mkobtfFtm3,1,27,-6,0,-12,0,male,28,6,22
IEM9gTS7P0mkobtfFtm3,1,6,-2,0,-10,0,male,28,6,23
IEM9gTS7P0mkobtfFtm3,1,21,-5,0,-6,1,male,28,6,24
IEM9gTS7P0mkobtfFtm3,1,16,-4,0,-5,1,male,28,6,25
IEM9gTS7P0mkobtfFtm3,1,24,-5,0,-12,0,male,28,6,26
IEM9gTS7P0mkobtfFtm3,1,23,-5,0,-10,0,male,28,6,27
IEM9gTS7P0mkobtfFtm3,1,7,-2,0,-11,0,male,28,6,28
IEM9gTS7P0mkobtfFtm3,1,10,-3,0,-5,1,male,28,6,29
IEM9gTS7P0mkobtfFtm3,1,18,-4,0,-8,1,male,28,6,30
IEM9gTS7P0mkobtfFtm3,1,4,-2,0,-8,0,male,28,6,31
IEM9gTS7P0mkobtfFtm3,1,11,-3,0,-6,1,male,28,6,32
IEM9gTS7P0mkobtfFtm3,1,13,-3,0,-10,0,male,28,6,33
IEM9gTS7P0mkobtfFtm3,1,2,-2,0,-5,1,male,28,6,34
IEM9gTS7P0mkobtfFtm3,1,20,-4,0,-12,0,male,28,6,35
IEM9gTS7P0mkobtfFtm3,2,5,-2,0,-9,0,male,28,6,36
IEM9gTS7P0mkobtfFtm3,2,3,-2,0,-6,0,male,28,6,37
IEM9gTS7P0mkobtfFtm3,2,17,-4,0,-6,1,male,28,6,38
IEM9gTS7P0mkobtfFtm3,2,19,-4,0,-10,0,male,28,6,39
IEM9gTS7P0mkobtfFtm3,2,32,-9,0,-11,0,male,28,6,40
IEM9gTS7P0mkobtfFtm3,2,26,-6,0,-10,1,male,28,6,41
IEM9gTS7P0mkobtfFtm3,2,1,-2,0,-4,1,male,28,6,42
IEM9gTS7P0mkobtfFtm3,2,30,-8,0,-11,1,male,28,6,43
IEM9gTS7P0mkobtfFtm3,2,22,-5,0,-8,1,male,28,6,44
IEM9gTS7P0mkobtfFtm3,2,29,-8,0,-12,1,male,28,6,45
IEM9gTS7P0mkobtfFtm3,2,15,-3,0,-9,0,male,28,6,46
IEM9gTS7P0mkobtfFtm3,2,34,-10,0,-5,1,male,28,6,47
IEM9gTS7P0mkobtfFtm3,2,35,-8,0,-2,1,male,28,6,48
IEM9gTS7P0mkobtfFtm3,2,25,-6,0,-8,1,male,28,6,49
IEM9gTS7P0mkobtfFtm3,2,28,-8,0,-10,1,male,28,6,50
IEM9gTS7P0mkobtfFtm3,2,14,-3,0,-12,0,male,28,6,51
IEM9gTS7P0mkobtfFtm3,2,9,-3,0,-4,1,male,28,6,52
IEM9gTS7P0mkobtfFtm3,2,31,-9,0,-12,1,male,28,6,53
IEM9gTS7P0mkobtfFtm3,2,8,-2,0,-12,0,male,28,6,54
IEM9gTS7P0mkobtfFtm3,2,33,-10,0,-12,1,male,28,6,55
IEM9gTS7P0mkobtfFtm3,2,12,-3,0,-8,0,male,28,6,56
IEM9gTS7P0mkobtfFtm3,2,27,-6,0,-12,1,male,28,6,57
IEM9gTS7P0mkobtfFtm3,2,6,-2,0,-10,0,male,28,6,58
IEM9gTS7P0mkobtfFtm3,2,21,-5,0,-6,1,male,28,6,59
IEM9gTS7P0mkobtfFtm3,2,16,-4,0,-5,1,male,28,6,60
IEM9gTS7P0mkobtfFtm3,2,24,-5,0,-12,0,male,28,6,61
IEM9gTS7P0mkobtfFtm3,2,23,-5,0,-10,0,male,28,6,62
IEM9gTS7P0mkobtfFtm3,2,7,-2,0,-11,0,male,28,6,63
IEM9gTS7P0mkobtfFtm3,2,10,-3,0,-5,1,male,28,6,64
IEM9gTS7P0mkobtfFtm3,2,18,-4,0,-8,1,male,28,6,65
IEM9gTS7P0mkobtfFtm3,2,4,-2,0,-8,0,male,28,6,66
IEM9gTS7P0mkobtfFtm3,2,11,-3,0,-6,1,male,28,6,67
IEM9gTS7P0mkobtfFtm3,2,13,-3,0,-10,0,male,28,6,68
IEM9gTS7P0mkobtfFtm3,2,2,-2,0,-5,0,male,28,6,69
IEM9gTS7P0mkobtfFtm3,2,20,-4,0,-12,0,male,28,6,70
IEM9gTS7P0mkobtfFtm3,3,5,-2,0,-9,0,male,28,6,71
IEM9gTS7P0mkobtfFtm3,3,3,-2,0,-6,0,male,28,6,72
IEM9gTS7P0mkobtfFtm3,3,17,-4,0,-6,1,male,28,6,73
IEM9gTS7P0mkobtfFtm3,3,19,-4,0,-10,0,male,28,6,74
IEM9gTS7P0mkobtfFtm3,3,32,-9,0,-11,1,male,28,6,75
IEM9gTS7P0mkobtfFtm3,3,26,-6,0,-10,1,male,28,6,76
IEM9gTS7P0mkobtfFtm3,3,1,-2,0,-4,0,male,28,6,77
IEM9gTS7P0mkobtfFtm3,3,30,-8,0,-11,1,male,28,6,78
IEM9gTS7P0mkobtfFtm3,3,22,-5,0,-8,1,male,28,6,79
IEM9gTS7P0mkobtfFtm3,3,29,-8,0,-12,1,male,28,6,80
IEM9gTS7P0mkobtfFtm3,3,15,-3,0,-9,0,male,28,6,81
IEM9gTS7P0mkobtfFtm3,3,34,-10,0,-5,1,male,28,6,82
IEM9gTS7P0mkobtfFtm3,3,35,-8,0,-2,1,male,28,6,83
IEM9gTS7P0mkobtfFtm3,3,25,-6,0,-8,1,male,28,6,84
IEM9gTS7P0mkobtfFtm3,3,28,-8,0,-10,1,male,28,6,85
IEM9gTS7P0mkobtfFtm3,3,14,-3,0,-12,0,male,28,6,86
IEM9gTS7P0mkobtfFtm3,3,9,-3,0,-4,1,male,28,6,87
IEM9gTS7P0mkobtfFtm3,3,31,-9,0,-12,1,male,28,6,88
IEM9gTS7P0mkobtfFtm3,3,8,-2,0,-12,0,male,28,6,89
IEM9gTS7P0mkobtfFtm3,3,33,-10,0,-12,1,male,28,6,90
IEM9gTS7P0mkobtfFtm3,3,12,-3,0,-8,0,male,28,6,91
IEM9gTS7P0mkobtfFtm3,3,27,-6,0,-12,0,male,28,6,92
IEM9gTS7P0mkobtfFtm3,3,6,-2,0,-10,0,male,28,6,93
IEM9gTS7P0mkobtfFtm3,3,21,-5,0,-6,1,male,28,6,94
IEM9gTS7P0mkobtfFtm3,3,16,-4,0,-5,1,male,28,6,95
IEM9gTS7P0mkobtfFtm3,3,24,-5,0,-12,0,male,28,6,96
IEM9gTS7P0mkobtfFtm3,3,23,-5,0,-10,0,male,28,6,97
IEM9gTS7P0mkobtfFtm3,3,7,-2,0,-11,0,male,28,6,98
IEM9gTS7P0mkobtfFtm3,3,10,-3,0,-5,1,male,28,6,99
IEM9gTS7P0mkobtfFtm3,3,18,-4,0,-8,0,male,28,6,100
IEM9gTS7P0mkobtfFtm3,3,4,-2,0,-8,0,male,28,6,101
IEM9gTS7P0mkobtfFtm3,3,11,-3,0,-6,1,male,28,6,102
IEM9gTS7P0mkobtfFtm3,3,13,-3,0,-10,0,male,28,6,103
IEM9gTS7P0mkobtfFtm3,3,2,-2,0,-5,0,male,28,6,104
IEM9gTS7P0mkobtfFtm3,3,20,-4,0,-12,0,male,28,6,105
Pq0cdlIDZKFQ9v4TPcxX,1,35,-8,0,-2,1,male,32,7,1
Pq0cdlIDZKFQ9v4TPcxX,1,30,-8,0,-11,0,male,32,7,2
Pq0cdlIDZKFQ9v4TPcxX,1,19,-4,0,-10,0,male,32,7,3
Pq0cdlIDZKFQ9v4TPcxX,1,15,-3,0,-9,0,male,32,7,4
Pq0cdlIDZKFQ9v4TPcxX,1,9,-3,0,-4,1,male,32,7,5
Pq0cdlIDZKFQ9v4TPcxX,1,6,-2,0,-10,0,male,32,7,6
Pq0cdlIDZKFQ9v4TPcxX,1,8,-2,0,-12,0,male,32,7,7
Pq0cdlIDZKFQ9v4TPcxX,1,32,-9,0,-11,1,male,32,7,8
Pq0cdlIDZKFQ9v4TPcxX,1,1,-2,0,-4,0,male,32,7,9
Pq0cdlIDZKFQ9v4TPcxX,1,31,-9,0,-12,0,male,32,7,10
Pq0cdlIDZKFQ9v4TPcxX,1,5,-2,0,-9,0,male,32,7,11
Pq0cdlIDZKFQ9v4TPcxX,1,13,-3,0,-10,0,male,32,7,12
Pq0cdlIDZKFQ9v4TPcxX,1,25,-6,0,-8,0,male,32,7,13
Pq0cdlIDZKFQ9v4TPcxX,1,24,-5,0,-12,0,male,32,7,14
Pq0cdlIDZKFQ9v4TPcxX,1,14,-3,0,-12,0,male,32,7,15
Pq0cdlIDZKFQ9v4TPcxX,1,7,-2,0,-11,0,male,32,7,16
Pq0cdlIDZKFQ9v4TPcxX,1,18,-4,0,-8,0,male,32,7,17
Pq0cdlIDZKFQ9v4TPcxX,1,12,-3,0,-8,0,male,32,7,18
Pq0cdlIDZKFQ9v4TPcxX,1,17,-4,0,-6,1,male,32,7,19
Pq0cdlIDZKFQ9v4TPcxX,1,16,-4,0,-5,1,male,32,7,20
Pq0cdlIDZKFQ9v4TPcxX,1,33,-10,0,-12,1,male,32,7,21
Pq0cdlIDZKFQ9v4TPcxX,1,11,-3,0,-6,0,male,32,7,22
Pq0cdlIDZKFQ9v4TPcxX,1,3,-2,0,-6,0,male,32,7,23
Pq0cdlIDZKFQ9v4TPcxX,1,4,-2,0,-8,0,male,32,7,24
Pq0cdlIDZKFQ9v4TPcxX,1,23,-5,0,-10,0,male,32,7,25
Pq0cdlIDZKFQ9v4TPcxX,1,28,-8,0,-10,1,male,32,7,26
Pq0cdlIDZKFQ9v4TPcxX,1,2,-2,0,-5,0,male,32,7,27
Pq0cdlIDZKFQ9v4TPcxX,1,22,-5,0,-8,0,male,32,7,28
Pq0cdlIDZKFQ9v4TPcxX,1,27,-6,0,-12,0,male,32,7,29
Pq0cdlIDZKFQ9v4TPcxX,1,34,-10,0,-5,1,male,32,7,30
Pq0cdlIDZKFQ9v4TPcxX,1,21,-5,0,-6,1,male,32,7,31
Pq0cdlIDZKFQ9v4TPcxX,1,29,-8,0,-12,0,male,32,7,32
Pq0cdlIDZKFQ9v4TPcxX,1,26,-6,0,-10,0,male,32,7,33
Pq0cdlIDZKFQ9v4TPcxX,1,20,-4,0,-12,0,male,32,7,34
Pq0cdlIDZKFQ9v4TPcxX,1,10,-3,0,-5,1,male,32,7,35
Pq0cdlIDZKFQ9v4TPcxX,2,35,-8,0,-2,1,male,32,7,36
Pq0cdlIDZKFQ9v4TPcxX,2,30,-8,0,-11,0,male,32,7,37
Pq0cdlIDZKFQ9v4TPcxX,2,19,-4,0,-10,0,male,32,7,38
Pq0cdlIDZKFQ9v4TPcxX,2,15,-3,0,-9,0,male,32,7,39
Pq0cdlIDZKFQ9v4TPcxX,2,9,-3,0,-4,1,male,32,7,40
Pq0cdlIDZKFQ9v4TPcxX,2,6,-2,0,-10,0,male,32,7,41
Pq0cdlIDZKFQ9v4TPcxX,2,8,-2,0,-12,0,male,32,7,42
Pq0cdlIDZKFQ9v4TPcxX,2,32,-9,0,-11,0,male,32,7,43
Pq0cdlIDZKFQ9v4TPcxX,2,1,-2,0,-4,0,male,32,7,44
Pq0cdlIDZKFQ9v4TPcxX,2,31,-9,0,-12,0,male,32,7,45
Pq0cdlIDZKFQ9v4TPcxX,2,5,-2,0,-9,0,male,32,7,46
Pq0cdlIDZKFQ9v4TPcxX,2,13,-3,0,-10,0,male,32,7,47
Pq0cdlIDZKFQ9v4TPcxX,2,25,-6,0,-8,0,male,32,7,48
Pq0cdlIDZKFQ9v4TPcxX,2,24,-5,0,-12,0,male,32,7,49
Pq0cdlIDZKFQ9v4TPcxX,2,14,-3,0,-12,0,male,32,7,50
Pq0cdlIDZKFQ9v4TPcxX,2,7,-2,0,-11,0,male,32,7,51
Pq0cdlIDZKFQ9v4TPcxX,2,18,-4,0,-8,0,male,32,7,52
Pq0cdlIDZKFQ9v4TPcxX,2,12,-3,0,-8,0,male,32,7,53
Pq0cdlIDZKFQ9v4TPcxX,2,17,-4,0,-6,0,male,32,7,54
Pq0cdlIDZKFQ9v4TPcxX,2,16,-4,0,-5,0,male,32,7,55
Pq0cdlIDZKFQ9v4TPcxX,2,33,-10,0,-12,0,male,32,7,56
Pq0cdlIDZKFQ9v4TPcxX,2,11,-3,0,-6,0,male,32,7,57
Pq0cdlIDZKFQ9v4TPcxX,2,3,-2,0,-6,0,male,32,7,58
Pq0cdlIDZKFQ9v4TPcxX,2,4,-2,0,-8,0,male,32,7,59
Pq0cdlIDZKFQ9v4TPcxX,2,23,-5,0,-10,0,male,32,7,60
Pq0cdlIDZKFQ9v4TPcxX,2,28,-8,0,-10,1,male,32,7,61
Pq0cdlIDZKFQ9v4TPcxX,2,2,-2,0,-5,0,male,32,7,62
Pq0cdlIDZKFQ9v4TPcxX,2,22,-5,0,-8,0,male,32,7,63
Pq0cdlIDZKFQ9v4TPcxX,2,27,-6,0,-12,0,male,32,7,64
Pq0cdlIDZKFQ9v4TPcxX,2,34,-10,0,-5,1,male,32,7,65
Pq0cdlIDZKFQ9v4TPcxX,2,21,-5,0,-6,1,male,32,7,66
Pq0cdlIDZKFQ9v4TPcxX,2,29,-8,0,-12,0,male,32,7,67
Pq0cdlIDZKFQ9v4TPcxX,2,26,-6,0,-10,0,male,32,7,68
Pq0cdlIDZKFQ9v4TPcxX,2,20,-4,0,-12,0,male,32,7,69
Pq0cdlIDZKFQ9v4TPcxX,2,10,-3,0,-5,1,male,32,7,70
Pq0cdlIDZKFQ9v4TPcxX,3,35,-8,0,-2,1,male,32,7,71
Pq0cdlIDZKFQ9v4TPcxX,3,30,-8,0,-11,0,male,32,7,72
Pq0cdlIDZKFQ9v4TPcxX,3,19,-4,0,-10,0,male,32,7,73
Pq0cdlIDZKFQ9v4TPcxX,3,15,-3,0,-9,0,male,32,7,74
Pq0cdlIDZKFQ9v4TPcxX,3,9,-3,0,-4,1,male,32,7,75
Pq0cdlIDZKFQ9v4TPcxX,3,6,-2,0,-10,0,male,32,7,76
Pq0cdlIDZKFQ9v4TPcxX,3,8,-2,0,-12,0,male,32,7,77
Pq0cdlIDZKFQ9v4TPcxX,3,32,-9,0,-11,0,male,32,7,78
Pq0cdlIDZKFQ9v4TPcxX,3,1,-2,0,-4,1,male,32,7,79
Pq0cdlIDZKFQ9v4TPcxX,3,31,-9,0,-12,0,male,32,7,80
Pq0cdlIDZKFQ9v4TPcxX,3,5,-2,0,-9,0,male,32,7,81
Pq0cdlIDZKFQ9v4TPcxX,3,13,-3,0,-10,0,male,32,7,82
Pq0cdlIDZKFQ9v4TPcxX,3,25,-6,0,-8,1,male,32,7,83
Pq0cdlIDZKFQ9v4TPcxX,3,24,-5,0,-12,0,male,32,7,84
Pq0cdlIDZKFQ9v4TPcxX,3,14,-3,0,-12,0,male,32,7,85
Pq0cdlIDZKFQ9v4TPcxX,3,7,-2,0,-11,0,male,32,7,86
Pq0cdlIDZKFQ9v4TPcxX,3,18,-4,0,-8,0,male,32,7,87
Pq0cdlIDZKFQ9v4TPcxX,3,12,-3,0,-8,0,male,32,7,88
Pq0cdlIDZKFQ9v4TPcxX,3,17,-4,0,-6,1,male,32,7,89
Pq0cdlIDZKFQ9v4TPcxX,3,16,-4,0,-5,1,male,32,7,90
Pq0cdlIDZKFQ9v4TPcxX,3,33,-10,0,-12,1,male,32,7,91
Pq0cdlIDZKFQ9v4TPcxX,3,11,-3,0,-6,0,male,32,7,92
Pq0cdlIDZKFQ9v4TPcxX,3,3,-2,0,-6,0,male,32,7,93
Pq0cdlIDZKFQ9v4TPcxX,3,4,-2,0,-8,0,male,32,7,94
Pq0cdlIDZKFQ9v4TPcxX,3,23,-5,0,-10,1,male,32,7,95
Pq0cdlIDZKFQ9v4TPcxX,3,28,-8,0,-10,0,male,32,7,96
Pq0cdlIDZKFQ9v4TPcxX,3,2,-2,0,-5,0,male,32,7,97
Pq0cdlIDZKFQ9v4TPcxX,3,22,-5,0,-8,0,male,32,7,98
Pq0cdlIDZKFQ9v4TPcxX,3,27,-6,0,-12,0,male,32,7,99
Pq0cdlIDZKFQ9v4TPcxX,3,34,-10,0,-5,1,male,32,7,100
Pq0cdlIDZKFQ9v4TPcxX,3,21,-5,0,-6,1,male,32,7,101
Pq0cdlIDZKFQ9v4TPcxX,3,29,-8,0,-12,0,male,32,7,102
Pq0cdlIDZKFQ9v4TPcxX,3,26,-6,0,-10,0,male,32,7,103
Pq0cdlIDZKFQ9v4TPcxX,3,20,-4,0,-12,0,male,32,7,104
Pq0cdlIDZKFQ9v4TPcxX,3,10,-3,0,-5,0,male,32,7,105
PrlydNdhBUHo2dhJ2BaA,1,4,-2,0,-8,0,male,23,8,1
PrlydNdhBUHo2dhJ2BaA,1,24,-5,0,-12,0,male,23,8,2
PrlydNdhBUHo2dhJ2BaA,1,23,-5,0,-10,1,male,23,8,3
PrlydNdhBUHo2dhJ2BaA,1,6,-2,0,-10,0,male,23,8,4
PrlydNdhBUHo2dhJ2BaA,1,35,-8,0,-2,1,male,23,8,5
PrlydNdhBUHo2dhJ2BaA,1,32,-9,0,-11,1,male,23,8,6
PrlydNdhBUHo2dhJ2BaA,1,12,-3,0,-8,0,male,23,8,7
PrlydNdhBUHo2dhJ2BaA,1,22,-5,0,-8,1,male,23,8,8
PrlydNdhBUHo2dhJ2BaA,1,26,-6,0,-10,0,male,23,8,9
PrlydNdhBUHo2dhJ2BaA,1,5,-2,0,-9,0,male,23,8,10
PrlydNdhBUHo2dhJ2BaA,1,14,-3,0,-12,0,male,23,8,11
PrlydNdhBUHo2dhJ2BaA,1,27,-6,0,-12,0,male,23,8,12
PrlydNdhBUHo2dhJ2BaA,1,25,-6,0,-8,0,male,23,8,13
PrlydNdhBUHo2dhJ2BaA,1,15,-3,0,-9,0,male,23,8,14
PrlydNdhBUHo2dhJ2BaA,1,17,-4,0,-6,0,male,23,8,15
PrlydNdhBUHo2dhJ2BaA,1,16,-4,0,-5,1,male,23,8,16
PrlydNdhBUHo2dhJ2BaA,1,29,-8,0,-12,0,male,23,8,17
PrlydNdhBUHo2dhJ2BaA,1,20,-4,0,-12,0,male,23,8,18
PrlydNdhBUHo2dhJ2BaA,1,2,-2,0,-5,0,male,23,8,19
PrlydNdhBUHo2dhJ2BaA,1,9,-3,0,-4,0,male,23,8,20
PrlydNdhBUHo2dhJ2BaA,1,34,-10,0,-5,1,male,23,8,21
PrlydNdhBUHo2dhJ2BaA,1,11,-3,0,-6,0,male,23,8,22
PrlydNdhBUHo2dhJ2BaA,1,31,-9,0,-12,1,male,23,8,23
PrlydNdhBUHo2dhJ2BaA,1,30,-8,0,-11,1,male,23,8,24
PrlydNdhBUHo2dhJ2BaA,1,33,-10,0,-12,1,male,23,8,25
PrlydNdhBUHo2dhJ2BaA,1,1,-2,0,-4,0,male,23,8,26
PrlydNdhBUHo2dhJ2BaA,1,28,-8,0,-10,0,male,23,8,27
PrlydNdhBUHo2dhJ2BaA,1,7,-2,0,-11,0,male,23,8,28
PrlydNdhBUHo2dhJ2BaA,1,21,-5,0,-6,0,male,23,8,29
PrlydNdhBUHo2dhJ2BaA,1,10,-3,0,-5,0,male,23,8,30
PrlydNdhBUHo2dhJ2BaA,1,13,-3,0,-10,0,male,23,8,31
PrlydNdhBUHo2dhJ2BaA,1,8,-2,0,-12,0,male,23,8,32
PrlydNdhBUHo2dhJ2BaA,1,19,-4,0,-10,0,male,23,8,33
PrlydNdhBUHo2dhJ2BaA,1,3,-2,0,-6,0,male,23,8,34
PrlydNdhBUHo2dhJ2BaA,1,18,-4,0,-8,0,male,23,8,35
PrlydNdhBUHo2dhJ2BaA,2,4,-2,0,-8,0,male,23,8,36
PrlydNdhBUHo2dhJ2BaA,2,24,-5,0,-12,0,male,23,8,37
PrlydNdhBUHo2dhJ2BaA,2,23,-5,0,-10,0,male,23,8,38
PrlydNdhBUHo2dhJ2BaA,2,6,-2,0,-10,0,male,23,8,39
PrlydNdhBUHo2dhJ2BaA,2,35,-8,0,-2,1,male,23,8,40
PrlydNdhBUHo2dhJ2BaA,2,32,-9,0,-11,1,male,23,8,41
PrlydNdhBUHo2dhJ2BaA,2,12,-3,0,-8,0,male,23,8,42
PrlydNdhBUHo2dhJ2BaA,2,22,-5,0,-8,0,male,23,8,43
PrlydNdhBUHo2dhJ2BaA,2,26,-6,0,-10,0,male,23,8,44
PrlydNdhBUHo2dhJ2BaA,2,5,-2,0,-9,0,male,23,8,45
PrlydNdhBUHo2dhJ2BaA,2,14,-3,0,-12,0,male,23,8,46
PrlydNdhBUHo2dhJ2BaA,2,27,-6,0,-12,0,male,23,8,47
PrlydNdhBUHo2dhJ2BaA,2,25,-6,0,-8,0,male,23,8,48
PrlydNdhBUHo2dhJ2BaA,2,15,-3,0,-9,0,male,23,8,49
PrlydNdhBUHo2dhJ2BaA,2,17,-4,0,-6,0,male,23,8,50
PrlydNdhBUHo2dhJ2BaA,2,16,-4,0,-5,1,male,23,8,51
PrlydNdhBUHo2dhJ2BaA,2,29,-8,0,-12,1,male,23,8,52
PrlydNdhBUHo2dhJ2BaA,2,20,-4,0,-12,0,male,23,8,53
PrlydNdhBUHo2dhJ2BaA,2,2,-2,0,-5,0,male,23,8,54
PrlydNdhBUHo2dhJ2BaA,2,9,-3,0,-4,0,male,23,8,55
PrlydNdhBUHo2dhJ2BaA,2,34,-10,0,-5,1,male,23,8,56
PrlydNdhBUHo2dhJ2BaA,2,11,-3,0,-6,0,male,23,8,57
PrlydNdhBUHo2dhJ2BaA,2,31,-9,0,-12,1,male,23,8,58
PrlydNdhBUHo2dhJ2BaA,2,30,-8,0,-11,1,male,23,8,59
PrlydNdhBUHo2dhJ2BaA,2,33,-10,0,-12,1,male,23,8,60
PrlydNdhBUHo2dhJ2BaA,2,1,-2,0,-4,0,male,23,8,61
PrlydNdhBUHo2dhJ2BaA,2,28,-8,0,-10,1,male,23,8,62
PrlydNdhBUHo2dhJ2BaA,2,7,-2,0,-11,0,male,23,8,63
PrlydNdhBUHo2dhJ2BaA,2,21,-5,0,-6,0,male,23,8,64
PrlydNdhBUHo2dhJ2BaA,2,10,-3,0,-5,0,male,23,8,65
PrlydNdhBUHo2dhJ2BaA,2,13,-3,0,-10,0,male,23,8,66
PrlydNdhBUHo2dhJ2BaA,2,8,-2,0,-12,0,male,23,8,67
PrlydNdhBUHo2dhJ2BaA,2,19,-4,0,-10,0,male,23,8,68
PrlydNdhBUHo2dhJ2BaA,2,3,-2,0,-6,0,male,23,8,69
PrlydNdhBUHo2dhJ2BaA,2,18,-4,0,-8,0,male,23,8,70
PrlydNdhBUHo2dhJ2BaA,3,4,-2,0,-8,0,male,23,8,71
PrlydNdhBUHo2dhJ2BaA,3,24,-5,0,-12,0,male,23,8,72
PrlydNdhBUHo2dhJ2BaA,3,23,-5,0,-10,0,male,23,8,73
PrlydNdhBUHo2dhJ2BaA,3,6,-2,0,-10,0,male,23,8,74
PrlydNdhBUHo2dhJ2BaA,3,35,-8,0,-2,1,male,23,8,75
PrlydNdhBUHo2dhJ2BaA,3,32,-9,0,-11,0,male,23,8,76
PrlydNdhBUHo2dhJ2BaA,3,12,-3,0,-8,0,male,23,8,77
PrlydNdhBUHo2dhJ2BaA,3,22,-5,0,-8,0,male,23,8,78
PrlydNdhBUHo2dhJ2BaA,3,26,-6,0,-10,0,male,23,8,79
PrlydNdhBUHo2dhJ2BaA,3,5,-2,0,-9,0,male,23,8,80
PrlydNdhBUHo2dhJ2BaA,3,14,-3,0,-12,0,male,23,8,81
PrlydNdhBUHo2dhJ2BaA,3,27,-6,0,-12,0,male,23,8,82
PrlydNdhBUHo2dhJ2BaA,3,25,-6,0,-8,1,male,23,8,83
PrlydNdhBUHo2dhJ2BaA,3,15,-3,0,-9,0,male,23,8,84
PrlydNdhBUHo2dhJ2BaA,3,17,-4,0,-6,0,male,23,8,85
PrlydNdhBUHo2dhJ2BaA,3,16,-4,0,-5,1,male,23,8,86
PrlydNdhBUHo2dhJ2BaA,3,29,-8,0,-12,1,male,23,8,87
PrlydNdhBUHo2dhJ2BaA,3,20,-4,0,-12,0,male,23,8,88
PrlydNdhBUHo2dhJ2BaA,3,2,-2,0,-5,0,male,23,8,89
PrlydNdhBUHo2dhJ2BaA,3,9,-3,0,-4,0,male,23,8,90
PrlydNdhBUHo2dhJ2BaA,3,34,-10,0,-5,1,male,23,8,91
PrlydNdhBUHo2dhJ2BaA,3,11,-3,0,-6,0,male,23,8,92
PrlydNdhBUHo2dhJ2BaA,3,31,-9,0,-12,1,male,23,8,93
PrlydNdhBUHo2dhJ2BaA,3,30,-8,0,-11,1,male,23,8,94
PrlydNdhBUHo2dhJ2BaA,3,33,-10,0,-12,1,male,23,8,95
PrlydNdhBUHo2dhJ2BaA,3,1,-2,0,-4,0,male,23,8,96
PrlydNdhBUHo2dhJ2BaA,3,28,-8,0,-10,1,male,23,8,97
PrlydNdhBUHo2dhJ2BaA,3,7,-2,0,-11,0,male,23,8,98
PrlydNdhBUHo2dhJ2BaA,3,21,-5,0,-6,1,male,23,8,99
PrlydNdhBUHo2dhJ2BaA,3,10,-3,0,-5,0,male,23,8,100
PrlydNdhBUHo2dhJ2BaA,3,13,-3,0,-10,0,male,23,8,101
PrlydNdhBUHo2dhJ2BaA,3,8,-2,0,-12,0,male,23,8,102
PrlydNdhBUHo2dhJ2BaA,3,19,-4,0,-10,0,male,23,8,103
PrlydNdhBUHo2dhJ2BaA,3,3,-2,0,-6,0,male,23,8,104
PrlydNdhBUHo2dhJ2BaA,3,18,-4,0,-8,0,male,23,8,105
UljD9agprEM7Qs2zSfWI,1,22,-5,0,-8,1,male,34,9,1
UljD9agprEM7Qs2zSfWI,1,20,-4,0,-12,1,male,34,9,2
UljD9agprEM7Qs2zSfWI,1,33,-10,0,-12,1,male,34,9,3
UljD9agprEM7Qs2zSfWI,1,4,-2,0,-8,0,male,34,9,4
UljD9agprEM7Qs2zSfWI,1,13,-3,0,-10,0,male,34,9,5
UljD9agprEM7Qs2zSfWI,1,28,-8,0,-10,1,male,34,9,6
UljD9agprEM7Qs2zSfWI,1,15,-3,0,-9,0,male,34,9,7
UljD9agprEM7Qs2zSfWI,1,6,-2,0,-10,1,male,34,9,8
UljD9agprEM7Qs2zSfWI,1,25,-6,0,-8,1,male,34,9,9
UljD9agprEM7Qs2zSfWI,1,10,-3,0,-5,1,male,34,9,10
UljD9agprEM7Qs2zSfWI,1,5,-2,0,-9,0,male,34,9,11
UljD9agprEM7Qs2zSfWI,1,11,-3,0,-6,1,male,34,9,12
UljD9agprEM7Qs2zSfWI,1,32,-9,0,-11,1,male,34,9,13
UljD9agprEM7Qs2zSfWI,1,24,-5,0,-12,1,male,34,9,14
UljD9agprEM7Qs2zSfWI,1,35,-8,0,-2,1,male,34,9,15
UljD9agprEM7Qs2zSfWI,1,9,-3,0,-4,1,male,34,9,16
UljD9agprEM7Qs2zSfWI,1,18,-4,0,-8,1,male,34,9,17
UljD9agprEM7Qs2zSfWI,1,30,-8,0,-11,1,male,34,9,18
UljD9agprEM7Qs2zSfWI,1,21,-5,0,-6,1,male,34,9,19
UljD9agprEM7Qs2zSfWI,1,29,-8,0,-12,1,male,34,9,20
UljD9agprEM7Qs2zSfWI,1,2,-2,0,-5,0,male,34,9,21
UljD9agprEM7Qs2zSfWI,1,31,-9,0,-12,1,male,34,9,22
UljD9agprEM7Qs2zSfWI,1,23,-5,0,-10,1,male,34,9,23
UljD9agprEM7Qs2zSfWI,1,16,-4,0,-5,1,male,34,9,24
UljD9agprEM7Qs2zSfWI,1,8,-2,0,-12,1,male,34,9,25
UljD9agprEM7Qs2zSfWI,1,12,-3,0,-8,1,male,34,9,26
UljD9agprEM7Qs2zSfWI,1,14,-3,0,-12,1,male,34,9,27
UljD9agprEM7Qs2zSfWI,1,34,-10,0,-5,1,male,34,9,28
UljD9agprEM7Qs2zSfWI,1,7,-2,0,-11,1,male,34,9,29
UljD9agprEM7Qs2zSfWI,1,17,-4,0,-6,0,male,34,9,30
UljD9agprEM7Qs2zSfWI,1,3,-2,0,-6,1,male,34,9,31
UljD9agprEM7Qs2zSfWI,1,27,-6,0,-12,1,male,34,9,32
UljD9agprEM7Qs2zSfWI,1,19,-4,0,-10,1,male,34,9,33
UljD9agprEM7Qs2zSfWI,1,26,-6,0,-10,1,male,34,9,34
UljD9agprEM7Qs2zSfWI,1,1,-2,0,-4,0,male,34,9,35
UljD9agprEM7Qs2zSfWI,2,22,-5,0,-8,1,male,34,9,36
UljD9agprEM7Qs2zSfWI,2,20,-4,0,-12,1,male,34,9,37
UljD9agprEM7Qs2zSfWI,2,33,-10,0,-12,1,male,34,9,38
UljD9agprEM7Qs2zSfWI,2,4,-2,0,-8,0,male,34,9,39
UljD9agprEM7Qs2zSfWI,2,13,-3,0,-10,1,male,34,9,40
UljD9agprEM7Qs2zSfWI,2,28,-8,0,-10,1,male,34,9,41
UljD9agprEM7Qs2zSfWI,2,15,-3,0,-9,1,male,34,9,42
UljD9agprEM7Qs2zSfWI,2,6,-2,0,-10,0,male,34,9,43
UljD9agprEM7Qs2zSfWI,2,25,-6,0,-8,1,male,34,9,44
UljD9agprEM7Qs2zSfWI,2,10,-3,0,-5,1,male,34,9,45
UljD9agprEM7Qs2zSfWI,2,5,-2,0,-9,1,male,34,9,46
UljD9agprEM7Qs2zSfWI,2,11,-3,0,-6,1,male,34,9,47
UljD9agprEM7Qs2zSfWI,2,32,-9,0,-11,1,male,34,9,48
UljD9agprEM7Qs2zSfWI,2,24,-5,0,-12,1,male,34,9,49
UljD9agprEM7Qs2zSfWI,2,35,-8,0,-2,1,male,34,9,50
UljD9agprEM7Qs2zSfWI,2,9,-3,0,-4,1,male,34,9,51
UljD9agprEM7Qs2zSfWI,2,18,-4,0,-8,1,male,34,9,52
UljD9agprEM7Qs2zSfWI,2,30,-8,0,-11,1,male,34,9,53
UljD9agprEM7Qs2zSfWI,2,21,-5,0,-6,1,male,34,9,54
UljD9agprEM7Qs2zSfWI,2,29,-8,0,-12,1,male,34,9,55
UljD9agprEM7Qs2zSfWI,2,2,-2,0,-5,1,male,34,9,56
UljD9agprEM7Qs2zSfWI,2,31,-9,0,-12,1,male,34,9,57
UljD9agprEM7Qs2zSfWI,2,23,-5,0,-10,1,male,34,9,58
UljD9agprEM7Qs2zSfWI,2,16,-4,0,-5,1,male,34,9,59
UljD9agprEM7Qs2zSfWI,2,8,-2,0,-12,1,male,34,9,60
UljD9agprEM7Qs2zSfWI,2,12,-3,0,-8,1,male,34,9,61
UljD9agprEM7Qs2zSfWI,2,14,-3,0,-12,1,male,34,9,62
UljD9agprEM7Qs2zSfWI,2,34,-10,0,-5,1,male,34,9,63
UljD9agprEM7Qs2zSfWI,2,7,-2,0,-11,1,male,34,9,64
UljD9agprEM7Qs2zSfWI,2,17,-4,0,-6,1,male,34,9,65
UljD9agprEM7Qs2zSfWI,2,3,-2,0,-6,1,male,34,9,66
UljD9agprEM7Qs2zSfWI,2,27,-6,0,-12,1,male,34,9,67
UljD9agprEM7Qs2zSfWI,2,19,-4,0,-10,1,male,34,9,68
UljD9agprEM7Qs2zSfWI,2,26,-6,0,-10,1,male,34,9,69
UljD9agprEM7Qs2zSfWI,2,1,-2,0,-4,0,male,34,9,70
UljD9agprEM7Qs2zSfWI,3,22,-5,0,-8,1,male,34,9,71
UljD9agprEM7Qs2zSfWI,3,20,-4,0,-12,1,male,34,9,72
UljD9agprEM7Qs2zSfWI,3,33,-10,0,-12,1,male,34,9,73
UljD9agprEM7Qs2zSfWI,3,4,-2,0,-8,1,male,34,9,74
UljD9agprEM7Qs2zSfWI,3,13,-3,0,-10,1,male,34,9,75
UljD9agprEM7Qs2zSfWI,3,28,-8,0,-10,1,male,34,9,76
UljD9agprEM7Qs2zSfWI,3,15,-3,0,-9,1,male,34,9,77
UljD9agprEM7Qs2zSfWI,3,6,-2,0,-10,1,male,34,9,78
UljD9agprEM7Qs2zSfWI,3,25,-6,0,-8,1,male,34,9,79
UljD9agprEM7Qs2zSfWI,3,10,-3,0,-5,1,male,34,9,80
UljD9agprEM7Qs2zSfWI,3,5,-2,0,-9,1,male,34,9,81
UljD9agprEM7Qs2zSfWI,3,11,-3,0,-6,1,male,34,9,82
UljD9agprEM7Qs2zSfWI,3,32,-9,0,-11,1,male,34,9,83
UljD9agprEM7Qs2zSfWI,3,24,-5,0,-12,1,male,34,9,84
UljD9agprEM7Qs2zSfWI,3,35,-8,0,-2,1,male,34,9,85
UljD9agprEM7Qs2zSfWI,3,9,-3,0,-4,1,male,34,9,86
UljD9agprEM7Qs2zSfWI,3,18,-4,0,-8,1,male,34,9,87
UljD9agprEM7Qs2zSfWI,3,30,-8,0,-11,1,male,34,9,88
UljD9agprEM7Qs2zSfWI,3,21,-5,0,-6,1,male,34,9,89
UljD9agprEM7Qs2zSfWI,3,29,-8,0,-12,1,male,34,9,90
UljD9agprEM7Qs2zSfWI,3,2,-2,0,-5,1,male,34,9,91
UljD9agprEM7Qs2zSfWI,3,31,-9,0,-12,1,male,34,9,92
UljD9agprEM7Qs2zSfWI,3,23,-5,0,-10,1,male,34,9,93
UljD9agprEM7Qs2zSfWI,3,16,-4,0,-5,1,male,34,9,94
UljD9agprEM7Qs2zSfWI,3,8,-2,0,-12,1,male,34,9,95
UljD9agprEM7Qs2zSfWI,3,12,-3,0,-8,1,male,34,9,96
UljD9agprEM7Qs2zSfWI,3,14,-3,0,-12,1,male,34,9,97
UljD9agprEM7Qs2zSfWI,3,34,-10,0,-5,0,male,34,9,98
UljD9agprEM7Qs2zSfWI,3,7,-2,0,-11,1,male,34,9,99
UljD9agprEM7Qs2zSfWI,3,17,-4,0,-6,1,male,34,9,100
UljD9agprEM7Qs2zSfWI,3,3,-2,0,-6,1,male,34,9,101
UljD9agprEM7Qs2zSfWI,3,27,-6,0,-12,1,male,34,9,102
UljD9agprEM7Qs2zSfWI,3,19,-4,0,-10,1,male,34,9,103
UljD9agprEM7Qs2zSfWI,3,26,-6,0,-10,1,male,34,9,104
UljD9agprEM7Qs2zSfWI,3,1,-2,0,-4,0,male,34,9,105
WdWH0PJ7gtytFf3CGGcp,1,29,-8,0,-12,1,male,30,10,1
WdWH0PJ7gtytFf3CGGcp,1,23,-5,0,-10,0,male,30,10,2
WdWH0PJ7gtytFf3CGGcp,1,19,-4,0,-10,0,male,30,10,3
WdWH0PJ7gtytFf3CGGcp,1,25,-6,0,-8,1,male,30,10,4
WdWH0PJ7gtytFf3CGGcp,1,14,-3,0,-12,0,male,30,10,5
WdWH0PJ7gtytFf3CGGcp,1,33,-10,0,-12,1,male,30,10,6
WdWH0PJ7gtytFf3CGGcp,1,5,-2,0,-9,0,male,30,10,7
WdWH0PJ7gtytFf3CGGcp,1,1,-2,0,-4,1,male,30,10,8
WdWH0PJ7gtytFf3CGGcp,1,9,-3,0,-4,1,male,30,10,9
WdWH0PJ7gtytFf3CGGcp,1,8,-2,0,-12,0,male,30,10,10
WdWH0PJ7gtytFf3CGGcp,1,30,-8,0,-11,1,male,30,10,11
WdWH0PJ7gtytFf3CGGcp,1,6,-2,0,-10,0,male,30,10,12
WdWH0PJ7gtytFf3CGGcp,1,31,-9,0,-12,1,male,30,10,13
WdWH0PJ7gtytFf3CGGcp,1,4,-2,0,-8,0,male,30,10,14
WdWH0PJ7gtytFf3CGGcp,1,28,-8,0,-10,1,male,30,10,15
WdWH0PJ7gtytFf3CGGcp,1,12,-3,0,-8,0,male,30,10,16
WdWH0PJ7gtytFf3CGGcp,1,20,-4,0,-12,0,male,30,10,17
WdWH0PJ7gtytFf3CGGcp,1,16,-4,0,-5,1,male,30,10,18
WdWH0PJ7gtytFf3CGGcp,1,2,-2,0,-5,0,male,30,10,19
WdWH0PJ7gtytFf3CGGcp,1,32,-9,0,-11,1,male,30,10,20
WdWH0PJ7gtytFf3CGGcp,1,18,-4,0,-8,1,male,30,10,21
WdWH0PJ7gtytFf3CGGcp,1,10,-3,0,-5,1,male,30,10,22
WdWH0PJ7gtytFf3CGGcp,1,15,-3,0,-9,0,male,30,10,23
WdWH0PJ7gtytFf3CGGcp,1,22,-5,0,-8,1,male,30,10,24
WdWH0PJ7gtytFf3CGGcp,1,35,-8,0,-2,1,male,30,10,25
WdWH0PJ7gtytFf3CGGcp,1,24,-5,0,-12,0,male,30,10,26
WdWH0PJ7gtytFf3CGGcp,1,7,-2,0,-11,0,male,30,10,27
WdWH0PJ7gtytFf3CGGcp,1,27,-6,0,-12,0,male,30,10,28
WdWH0PJ7gtytFf3CGGcp,1,11,-3,0,-6,1,male,30,10,29
WdWH0PJ7gtytFf3CGGcp,1,13,-3,0,-10,0,male,30,10,30
WdWH0PJ7gtytFf3CGGcp,1,34,-10,0,-5,1,male,30,10,31
WdWH0PJ7gtytFf3CGGcp,1,3,-2,0,-6,0,male,30,10,32
WdWH0PJ7gtytFf3CGGcp,1,21,-5,0,-6,1,male,30,10,33
WdWH0PJ7gtytFf3CGGcp,1,26,-6,0,-10,1,male,30,10,34
WdWH0PJ7gtytFf3CGGcp,1,17,-4,0,-6,1,male,30,10,35
WdWH0PJ7gtytFf3CGGcp,2,29,-8,0,-12,1,male,30,10,36
WdWH0PJ7gtytFf3CGGcp,2,23,-5,0,-10,0,male,30,10,37
WdWH0PJ7gtytFf3CGGcp,2,19,-4,0,-10,0,male,30,10,38
WdWH0PJ7gtytFf3CGGcp,2,25,-6,0,-8,1,male,30,10,39
WdWH0PJ7gtytFf3CGGcp,2,14,-3,0,-12,0,male,30,10,40
WdWH0PJ7gtytFf3CGGcp,2,33,-10,0,-12,1,male,30,10,41
WdWH0PJ7gtytFf3CGGcp,2,5,-2,0,-9,0,male,30,10,42
WdWH0PJ7gtytFf3CGGcp,2,1,-2,0,-4,1,male,30,10,43
WdWH0PJ7gtytFf3CGGcp,2,9,-3,0,-4,1,male,30,10,44
WdWH0PJ7gtytFf3CGGcp,2,8,-2,0,-12,0,male,30,10,45
WdWH0PJ7gtytFf3CGGcp,2,30,-8,0,-11,1,male,30,10,46
WdWH0PJ7gtytFf3CGGcp,2,6,-2,0,-10,0,male,30,10,47
WdWH0PJ7gtytFf3CGGcp,2,31,-9,0,-12,1,male,30,10,48
WdWH0PJ7gtytFf3CGGcp,2,4,-2,0,-8,0,male,30,10,49
WdWH0PJ7gtytFf3CGGcp,2,28,-8,0,-10,1,male,30,10,50
WdWH0PJ7gtytFf3CGGcp,2,12,-3,0,-8,0,male,30,10,51
WdWH0PJ7gtytFf3CGGcp,2,20,-4,0,-12,0,male,30,10,52
WdWH0PJ7gtytFf3CGGcp,2,16,-4,0,-5,1,male,30,10,53
WdWH0PJ7gtytFf3CGGcp,2,2,-2,0,-5,0,male,30,10,54
WdWH0PJ7gtytFf3CGGcp,2,32,-9,0,-11,1,male,30,10,55
WdWH0PJ7gtytFf3CGGcp,2,18,-4,0,-8,0,male,30,10,56
WdWH0PJ7gtytFf3CGGcp,2,10,-3,0,-5,1,male,30,10,57
WdWH0PJ7gtytFf3CGGcp,2,15,-3,0,-9,0,male,30,10,58
WdWH0PJ7gtytFf3CGGcp,2,22,-5,0,-8,1,male,30,10,59
WdWH0PJ7gtytFf3CGGcp,2,35,-8,0,-2,1,male,30,10,60
WdWH0PJ7gtytFf3CGGcp,2,24,-5,0,-12,0,male,30,10,61
WdWH0PJ7gtytFf3CGGcp,2,7,-2,0,-11,0,male,30,10,62
WdWH0PJ7gtytFf3CGGcp,2,27,-6,0,-12,0,male,30,10,63
WdWH0PJ7gtytFf3CGGcp,2,11,-3,0,-6,1,male,30,10,64
WdWH0PJ7gtytFf3CGGcp,2,13,-3,0,-10,0,male,30,10,65
WdWH0PJ7gtytFf3CGGcp,2,34,-10,0,-5,1,male,30,10,66
WdWH0PJ7gtytFf3CGGcp,2,3,-2,0,-6,0,male,30,10,67
WdWH0PJ7gtytFf3CGGcp,2,21,-5,0,-6,1,male,30,10,68
WdWH0PJ7gtytFf3CGGcp,2,26,-6,0,-10,1,male,30,10,69
WdWH0PJ7gtytFf3CGGcp,2,17,-4,0,-6,1,male,30,10,70
WdWH0PJ7gtytFf3CGGcp,3,29,-8,0,-12,1,male,30,10,71
WdWH0PJ7gtytFf3CGGcp,3,23,-5,0,-10,0,male,30,10,72
WdWH0PJ7gtytFf3CGGcp,3,19,-4,0,-10,0,male,30,10,73
WdWH0PJ7gtytFf3CGGcp,3,25,-6,0,-8,1,male,30,10,74
WdWH0PJ7gtytFf3CGGcp,3,14,-3,0,-12,0,male,30,10,75
WdWH0PJ7gtytFf3CGGcp,3,33,-10,0,-12,1,male,30,10,76
WdWH0PJ7gtytFf3CGGcp,3,5,-2,0,-9,0,male,30,10,77
WdWH0PJ7gtytFf3CGGcp,3,1,-2,0,-4,0,male,30,10,78
WdWH0PJ7gtytFf3CGGcp,3,9,-3,0,-4,1,male,30,10,79
WdWH0PJ7gtytFf3CGGcp,3,8,-2,0,-12,0,male,30,10,80
WdWH0PJ7gtytFf3CGGcp,3,30,-8,0,-11,1,male,30,10,81
WdWH0PJ7gtytFf3CGGcp,3,6,-2,0,-10,0,male,30,10,82
WdWH0PJ7gtytFf3CGGcp,3,31,-9,0,-12,1,male,30,10,83
WdWH0PJ7gtytFf3CGGcp,3,4,-2,0,-8,0,male,30,10,84
WdWH0PJ7gtytFf3CGGcp,3,28,-8,0,-10,1,male,30,10,85
WdWH0PJ7gtytFf3CGGcp,3,12,-3,0,-8,0,male,30,10,86
WdWH0PJ7gtytFf3CGGcp,3,20,-4,0,-12,0,male,30,10,87
WdWH0PJ7gtytFf3CGGcp,3,16,-4,0,-5,1,male,30,10,88
WdWH0PJ7gtytFf3CGGcp,3,2,-2,0,-5,0,male,30,10,89
WdWH0PJ7gtytFf3CGGcp,3,32,-9,0,-11,1,male,30,10,90
WdWH0PJ7gtytFf3CGGcp,3,18,-4,0,-8,0,male,30,10,91
WdWH0PJ7gtytFf3CGGcp,3,10,-3,0,-5,1,male,30,10,92
WdWH0PJ7gtytFf3CGGcp,3,15,-3,0,-9,0,male,30,10,93
WdWH0PJ7gtytFf3CGGcp,3,22,-5,0,-8,1,male,30,10,94
WdWH0PJ7gtytFf3CGGcp,3,35,-8,0,-2,1,male,30,10,95
WdWH0PJ7gtytFf3CGGcp,3,24,-5,0,-12,0,male,30,10,96
WdWH0PJ7gtytFf3CGGcp,3,7,-2,0,-11,0,male,30,10,97
WdWH0PJ7gtytFf3CGGcp,3,27,-6,0,-12,0,male,30,10,98
WdWH0PJ7gtytFf3CGGcp,3,11,-3,0,-6,1,male,30,10,99
WdWH0PJ7gtytFf3CGGcp,3,13,-3,0,-10,0,male,30,10,100
WdWH0PJ7gtytFf3CGGcp,3,34,-10,0,-5,1,male,30,10,101
WdWH0PJ7gtytFf3CGGcp,3,3,-2,0,-6,0,male,30,10,102
WdWH0PJ7gtytFf3CGGcp,3,21,-5,0,-6,1,male,30,10,103
WdWH0PJ7gtytFf3CGGcp,3,26,-6,0,-10,1,male,30,10,104
WdWH0PJ7gtytFf3CGGcp,3,17,-4,0,-6,1,male,30,10,105
YrslE05O4E75yvonyyNp,1,3,-2,0,-6,0,female,31,11,1
YrslE05O4E75yvonyyNp,1,34,-10,0,-5,1,female,31,11,2
YrslE05O4E75yvonyyNp,1,30,-8,0,-11,1,female,31,11,3
YrslE05O4E75yvonyyNp,1,7,-2,0,-11,0,female,31,11,4
YrslE05O4E75yvonyyNp,1,32,-9,0,-11,1,female,31,11,5
YrslE05O4E75yvonyyNp,1,13,-3,0,-10,0,female,31,11,6
YrslE05O4E75yvonyyNp,1,31,-9,0,-12,1,female,31,11,7
YrslE05O4E75yvonyyNp,1,27,-6,0,-12,0,female,31,11,8
YrslE05O4E75yvonyyNp,1,29,-8,0,-12,1,female,31,11,9
YrslE05O4E75yvonyyNp,1,28,-8,0,-10,1,female,31,11,10
YrslE05O4E75yvonyyNp,1,18,-4,0,-8,1,female,31,11,11
YrslE05O4E75yvonyyNp,1,5,-2,0,-9,0,female,31,11,12
YrslE05O4E75yvonyyNp,1,16,-4,0,-5,1,female,31,11,13
YrslE05O4E75yvonyyNp,1,2,-2,0,-5,0,female,31,11,14
YrslE05O4E75yvonyyNp,1,9,-3,0,-4,1,female,31,11,15
YrslE05O4E75yvonyyNp,1,22,-5,0,-8,1,female,31,11,16
YrslE05O4E75yvonyyNp,1,11,-3,0,-6,1,female,31,11,17
YrslE05O4E75yvonyyNp,1,20,-4,0,-12,0,female,31,11,18
YrslE05O4E75yvonyyNp,1,33,-10,0,-12,0,female,31,11,19
YrslE05O4E75yvonyyNp,1,15,-3,0,-9,0,female,31,11,20
YrslE05O4E75yvonyyNp,1,4,-2,0,-8,0,female,31,11,21
YrslE05O4E75yvonyyNp,1,1,-2,0,-4,0,female,31,11,22
YrslE05O4E75yvonyyNp,1,8,-2,0,-12,0,female,31,11,23
YrslE05O4E75yvonyyNp,1,21,-5,0,-6,1,female,31,11,24
YrslE05O4E75yvonyyNp,1,14,-3,0,-12,0,female,31,11,25
YrslE05O4E75yvonyyNp,1,12,-3,0,-8,0,female,31,11,26
YrslE05O4E75yvonyyNp,1,19,-4,0,-10,0,female,31,11,27
YrslE05O4E75yvonyyNp,1,23,-5,0,-10,0,female,31,11,28
YrslE05O4E75yvonyyNp,1,26,-6,0,-10,0,female,31,11,29
YrslE05O4E75yvonyyNp,1,6,-2,0,-10,0,female,31,11,30
YrslE05O4E75yvonyyNp,1,24,-5,0,-12,0,female,31,11,31
YrslE05O4E75yvonyyNp,1,10,-3,0,-5,1,female,31,11,32
YrslE05O4E75yvonyyNp,1,25,-6,0,-8,1,female,31,11,33
YrslE05O4E75yvonyyNp,1,35,-8,0,-2,1,female,31,11,34
YrslE05O4E75yvonyyNp,1,17,-4,0,-6,1,female,31,11,35
YrslE05O4E75yvonyyNp,2,3,-2,0,-6,0,female,31,11,36
YrslE05O4E75yvonyyNp,2,34,-10,0,-5,1,female,31,11,37
YrslE05O4E75yvonyyNp,2,30,-8,0,-11,1,female,31,11,38
YrslE05O4E75yvonyyNp,2,7,-2,0,-11,0,female,31,11,39
YrslE05O4E75yvonyyNp,2,32,-9,0,-11,1,female,31,11,40
YrslE05O4E75yvonyyNp,2,13,-3,0,-10,0,female,31,11,41
YrslE05O4E75yvonyyNp,2,31,-9,0,-12,0,female,31,11,42
YrslE05O4E75yvonyyNp,2,27,-6,0,-12,0,female,31,11,43
YrslE05O4E75yvonyyNp,2,29,-8,0,-12,1,female,31,11,44
YrslE05O4E75yvonyyNp,2,28,-8,0,-10,1,female,31,11,45
YrslE05O4E75yvonyyNp,2,18,-4,0,-8,0,female,31,11,46
YrslE05O4E75yvonyyNp,2,5,-2,0,-9,0,female,31,11,47
YrslE05O4E75yvonyyNp,2,16,-4,0,-5,1,female,31,11,48
YrslE05O4E75yvonyyNp,2,2,-2,0,-5,1,female,31,11,49
YrslE05O4E75yvonyyNp,2,9,-3,0,-4,1,female,31,11,50
YrslE05O4E75yvonyyNp,2,22,-5,0,-8,1,female,31,11,51
YrslE05O4E75yvonyyNp,2,11,-3,0,-6,1,female,31,11,52
YrslE05O4E75yvonyyNp,2,20,-4,0,-12,0,female,31,11,53
YrslE05O4E75yvonyyNp,2,33,-10,0,-12,1,female,31,11,54
YrslE05O4E75yvonyyNp,2,15,-3,0,-9,0,female,31,11,55
YrslE05O4E75yvonyyNp,2,4,-2,0,-8,0,female,31,11,56
YrslE05O4E75yvonyyNp,2,1,-2,0,-4,0,female,31,11,57
YrslE05O4E75yvonyyNp,2,8,-2,0,-12,0,female,31,11,58
YrslE05O4E75yvonyyNp,2,21,-5,0,-6,1,female,31,11,59
YrslE05O4E75yvonyyNp,2,14,-3,0,-12,0,female,31,11,60
YrslE05O4E75yvonyyNp,2,12,-3,0,-8,0,female,31,11,61
YrslE05O4E75yvonyyNp,2,19,-4,0,-10,0,female,31,11,62
YrslE05O4E75yvonyyNp,2,23,-5,0,-10,0,female,31,11,63
YrslE05O4E75yvonyyNp,2,26,-6,0,-10,0,female,31,11,64
YrslE05O4E75yvonyyNp,2,6,-2,0,-10,0,female,31,11,65
YrslE05O4E75yvonyyNp,2,24,-5,0,-12,0,female,31,11,66
YrslE05O4E75yvonyyNp,2,10,-3,0,-5,1,female,31,11,67
YrslE05O4E75yvonyyNp,2,25,-6,0,-8,1,female,31,11,68
YrslE05O4E75yvonyyNp,2,35,-8,0,-2,1,female,31,11,69
YrslE05O4E75yvonyyNp,2,17,-4,0,-6,1,female,31,11,70
YrslE05O4E75yvonyyNp,3,3,-2,0,-6,0,female,31,11,71
YrslE05O4E75yvonyyNp,3,34,-10,0,-5,1,female,31,11,72
YrslE05O4E75yvonyyNp,3,30,-8,0,-11,1,female,31,11,73
YrslE05O4E75yvonyyNp,3,7,-2,0,-11,0,female,31,11,74
YrslE05O4E75yvonyyNp,3,32,-9,0,-11,1,female,31,11,75
YrslE05O4E75yvonyyNp,3,13,-3,0,-10,0,female,31,11,76
YrslE05O4E75yvonyyNp,3,31,-9,0,-12,1,female,31,11,77
YrslE05O4E75yvonyyNp,3,27,-6,0,-12,0,female,31,11,78
YrslE05O4E75yvonyyNp,3,29,-8,0,-12,1,female,31,11,79
YrslE05O4E75yvonyyNp,3,28,-8,0,-10,1,female,31,11,80
YrslE05O4E75yvonyyNp,3,18,-4,0,-8,0,female,31,11,81
YrslE05O4E75yvonyyNp,3,5,-2,0,-9,0,female,31,11,82
YrslE05O4E75yvonyyNp,3,16,-4,0,-5,1,female,31,11,83
YrslE05O4E75yvonyyNp,3,2,-2,0,-5,1,female,31,11,84
YrslE05O4E75yvonyyNp,3,9,-3,0,-4,1,female,31,11,85
YrslE05O4E75yvonyyNp,3,22,-5,0,-8,0,female,31,11,86
YrslE05O4E75yvonyyNp,3,11,-3,0,-6,1,female,31,11,87
YrslE05O4E75yvonyyNp,3,20,-4,0,-12,0,female,31,11,88
YrslE05O4E75yvonyyNp,3,33,-10,0,-12,1,female,31,11,89
YrslE05O4E75yvonyyNp,3,15,-3,0,-9,1,female,31,11,90
YrslE05O4E75yvonyyNp,3,4,-2,0,-8,0,female,31,11,91
YrslE05O4E75yvonyyNp,3,1,-2,0,-4,1,female,31,11,92
YrslE05O4E75yvonyyNp,3,8,-2,0,-12,0,female,31,11,93
YrslE05O4E75yvonyyNp,3,21,-5,0,-6,1,female,31,11,94
YrslE05O4E75yvonyyNp,3,14,-3,0,-12,0,female,31,11,95
YrslE05O4E75yvonyyNp,3,12,-3,0,-8,0,female,31,11,96
YrslE05O4E75yvonyyNp,3,19,-4,0,-10,0,female,31,11,97
YrslE05O4E75yvonyyNp,3,23,-5,0,-10,0,female,31,11,98
YrslE05O4E75yvonyyNp,3,26,-6,0,-10,0,female,31,11,99
YrslE05O4E75yvonyyNp,3,6,-2,0,-10,0,female,31,11,100
YrslE05O4E75yvonyyNp,3,24,-5,0,-12,0,female,31,11,101
YrslE05O4E75yvonyyNp,3,10,-3,0,-5,1,female,31,11,102
YrslE05O4E75yvonyyNp,3,25,-6,0,-8,1,female,31,11,103
YrslE05O4E75yvonyyNp,3,35,-8,0,-2,1,female,31,11,104
YrslE05O4E75yvonyyNp,3,17,-4,0,-6,1,female,31,11,105
ddvgAFRIiaNQjrKNrrL7,1,24,-5,0,-12,0,male,30,12,1
ddvgAFRIiaNQjrKNrrL7,1,7,-2,0,-11,0,male,30,12,2
ddvgAFRIiaNQjrKNrrL7,1,9,-3,0,-4,0,male,30,12,3
ddvgAFRIiaNQjrKNrrL7,1,12,-3,0,-8,0,male,30,12,4
ddvgAFRIiaNQjrKNrrL7,1,35,-8,0,-2,1,male,30,12,5
ddvgAFRIiaNQjrKNrrL7,1,26,-6,0,-10,0,male,30,12,6
ddvgAFRIiaNQjrKNrrL7,1,1,-2,0,-4,0,male,30,12,7
ddvgAFRIiaNQjrKNrrL7,1,10,-3,0,-5,0,male,30,12,8
ddvgAFRIiaNQjrKNrrL7,1,3,-2,0,-6,0,male,30,12,9
ddvgAFRIiaNQjrKNrrL7,1,23,-5,0,-10,0,male,30,12,10
ddvgAFRIiaNQjrKNrrL7,1,19,-4,0,-10,0,male,30,12,11
ddvgAFRIiaNQjrKNrrL7,1,33,-10,0,-12,0,male,30,12,12
ddvgAFRIiaNQjrKNrrL7,1,32,-9,0,-11,0,male,30,12,13
ddvgAFRIiaNQjrKNrrL7,1,13,-3,0,-10,0,male,30,12,14
ddvgAFRIiaNQjrKNrrL7,1,22,-5,0,-8,1,male,30,12,15
ddvgAFRIiaNQjrKNrrL7,1,2,-2,0,-5,0,male,30,12,16
ddvgAFRIiaNQjrKNrrL7,1,34,-10,0,-5,1,male,30,12,17
ddvgAFRIiaNQjrKNrrL7,1,20,-4,0,-12,0,male,30,12,18
ddvgAFRIiaNQjrKNrrL7,1,27,-6,0,-12,0,male,30,12,19
ddvgAFRIiaNQjrKNrrL7,1,25,-6,0,-8,0,male,30,12,20
ddvgAFRIiaNQjrKNrrL7,1,4,-2,0,-8,0,male,30,12,21
ddvgAFRIiaNQjrKNrrL7,1,31,-9,0,-12,1,male,30,12,22
ddvgAFRIiaNQjrKNrrL7,1,16,-4,0,-5,1,male,30,12,23
ddvgAFRIiaNQjrKNrrL7,1,17,-4,0,-6,1,male,30,12,24
ddvgAFRIiaNQjrKNrrL7,1,29,-8,0,-12,1,male,30,12,25
ddvgAFRIiaNQjrKNrrL7,1,18,-4,0,-8,0,male,30,12,26
ddvgAFRIiaNQjrKNrrL7,1,11,-3,0,-6,0,male,30,12,27
ddvgAFRIiaNQjrKNrrL7,1,6,-2,0,-10,0,male,30,12,28
ddvgAFRIiaNQjrKNrrL7,1,30,-8,0,-11,0,male,30,12,29
ddvgAFRIiaNQjrKNrrL7,1,15,-3,0,-9,0,male,30,12,30
ddvgAFRIiaNQjrKNrrL7,1,28,-8,0,-10,1,male,30,12,31
ddvgAFRIiaNQjrKNrrL7,1,14,-3,0,-12,0,male,30,12,32
ddvgAFRIiaNQjrKNrrL7,1,21,-5,0,-6,1,male,30,12,33
ddvgAFRIiaNQjrKNrrL7,1,5,-2,0,-9,0,male,30,12,34
ddvgAFRIiaNQjrKNrrL7,1,8,-2,0,-12,0,male,30,12,35
ddvgAFRIiaNQjrKNrrL7,2,24,-5,0,-12,0,male,30,12,36
ddvgAFRIiaNQjrKNrrL7,2,7,-2,0,-11,0,male,30,12,37
ddvgAFRIiaNQjrKNrrL7,2,9,-3,0,-4,0,male,30,12,38
ddvgAFRIiaNQjrKNrrL7,2,12,-3,0,-8,1,male,30,12,39
ddvgAFRIiaNQjrKNrrL7,2,35,-8,0,-2,1,male,30,12,40
ddvgAFRIiaNQjrKNrrL7,2,26,-6,0,-10,1,male,30,12,41
ddvgAFRIiaNQjrKNrrL7,2,1,-2,0,-4,0,male,30,12,42
ddvgAFRIiaNQjrKNrrL7,2,10,-3,0,-5,1,male,30,12,43
ddvgAFRIiaNQjrKNrrL7,2,3,-2,0,-6,0,male,30,12,44
ddvgAFRIiaNQjrKNrrL7,2,23,-5,0,-10,0,male,30,12,45
ddvgAFRIiaNQjrKNrrL7,2,19,-4,0,-10,0,male,30,12,46
ddvgAFRIiaNQjrKNrrL7,2,33,-10,0,-12,1,male,30,12,47
ddvgAFRIiaNQjrKNrrL7,2,32,-9,0,-11,1,male,30,12,48
ddvgAFRIiaNQjrKNrrL7,2,13,-3,0,-10,0,male,30,12,49
ddvgAFRIiaNQjrKNrrL7,2,22,-5,0,-8,1,male,30,12,50
ddvgAFRIiaNQjrKNrrL7,2,2,-2,0,-5,0,male,30,12,51
ddvgAFRIiaNQjrKNrrL7,2,34,-10,0,-5,1,male,30,12,52
ddvgAFRIiaNQjrKNrrL7,2,20,-4,0,-12,1,male,30,12,53
ddvgAFRIiaNQjrKNrrL7,2,27,-6,0,-12,1,male,30,12,54
ddvgAFRIiaNQjrKNrrL7,2,25,-6,0,-8,1,male,30,12,55
ddvgAFRIiaNQjrKNrrL7,2,4,-2,0,-8,0,male,30,12,56
ddvgAFRIiaNQjrKNrrL7,2,31,-9,0,-12,0,male,30,12,57
ddvgAFRIiaNQjrKNrrL7,2,16,-4,0,-5,1,male,30,12,58
ddvgAFRIiaNQjrKNrrL7,2,17,-4,0,-6,1,male,30,12,59
ddvgAFRIiaNQjrKNrrL7,2,29,-8,0,-12,1,male,30,12,60
ddvgAFRIiaNQjrKNrrL7,2,18,-4,0,-8,1,male,30,12,61
ddvgAFRIiaNQjrKNrrL7,2,11,-3,0,-6,0,male,30,12,62
ddvgAFRIiaNQjrKNrrL7,2,6,-2,0,-10,0,male,30,12,63
ddvgAFRIiaNQjrKNrrL7,2,30,-8,0,-11,1,male,30,12,64
ddvgAFRIiaNQjrKNrrL7,2,15,-3,0,-9,0,male,30,12,65
ddvgAFRIiaNQjrKNrrL7,2,28,-8,0,-10,1,male,30,12,66
ddvgAFRIiaNQjrKNrrL7,2,14,-3,0,-12,0,male,30,12,67
ddvgAFRIiaNQjrKNrrL7,2,21,-5,0,-6,1,male,30,12,68
ddvgAFRIiaNQjrKNrrL7,2,5,-2,0,-9,0,male,30,12,69
ddvgAFRIiaNQjrKNrrL7,2,8,-2,0,-12,0,male,30,12,70
ddvgAFRIiaNQjrKNrrL7,3,24,-5,0,-12,0,male,30,12,71
ddvgAFRIiaNQjrKNrrL7,3,7,-2,0,-11,0,male,30,12,72
ddvgAFRIiaNQjrKNrrL7,3,9,-3,0,-4,1,male,30,12,73
ddvgAFRIiaNQjrKNrrL7,3,12,-3,0,-8,1,male,30,12,74
ddvgAFRIiaNQjrKNrrL7,3,35,-8,0,-2,1,male,30,12,75
ddvgAFRIiaNQjrKNrrL7,3,26,-6,0,-10,1,male,30,12,76
ddvgAFRIiaNQjrKNrrL7,3,1,-2,0,-4,0,male,30,12,77
ddvgAFRIiaNQjrKNrrL7,3,10,-3,0,-5,1,male,30,12,78
ddvgAFRIiaNQjrKNrrL7,3,3,-2,0,-6,1,male,30,12,79
ddvgAFRIiaNQjrKNrrL7,3,23,-5,0,-10,1,male,30,12,80
ddvgAFRIiaNQjrKNrrL7,3,19,-4,0,-10,1,male,30,12,81
ddvgAFRIiaNQjrKNrrL7,3,33,-10,0,-12,1,male,30,12,82
ddvgAFRIiaNQjrKNrrL7,3,32,-9,0,-11,1,male,30,12,83
ddvgAFRIiaNQjrKNrrL7,3,13,-3,0,-10,0,male,30,12,84
ddvgAFRIiaNQjrKNrrL7,3,22,-5,0,-8,1,male,30,12,85
ddvgAFRIiaNQjrKNrrL7,3,2,-2,0,-5,0,male,30,12,86
ddvgAFRIiaNQjrKNrrL7,3,34,-10,0,-5,1,male,30,12,87
ddvgAFRIiaNQjrKNrrL7,3,20,-4,0,-12,1,male,30,12,88
ddvgAFRIiaNQjrKNrrL7,3,27,-6,0,-12,1,male,30,12,89
ddvgAFRIiaNQjrKNrrL7,3,25,-6,0,-8,1,male,30,12,90
ddvgAFRIiaNQjrKNrrL7,3,4,-2,0,-8,0,male,30,12,91
ddvgAFRIiaNQjrKNrrL7,3,31,-9,0,-12,1,male,30,12,92
ddvgAFRIiaNQjrKNrrL7,3,16,-4,0,-5,1,male,30,12,93
ddvgAFRIiaNQjrKNrrL7,3,17,-4,0,-6,1,male,30,12,94
ddvgAFRIiaNQjrKNrrL7,3,29,-8,0,-12,1,male,30,12,95
ddvgAFRIiaNQjrKNrrL7,3,18,-4,0,-8,1,male,30,12,96
ddvgAFRIiaNQjrKNrrL7,3,11,-3,0,-6,1,male,30,12,97
ddvgAFRIiaNQjrKNrrL7,3,6,-2,0,-10,1,male,30,12,98
ddvgAFRIiaNQjrKNrrL7,3,30,-8,0,-11,1,male,30,12,99
ddvgAFRIiaNQjrKNrrL7,3,15,-3,0,-9,1,male,30,12,100
ddvgAFRIiaNQjrKNrrL7,3,28,-8,0,-10,1,male,30,12,101
ddvgAFRIiaNQjrKNrrL7,3,14,-3,0,-12,1,male,30,12,102
ddvgAFRIiaNQjrKNrrL7,3,21,-5,0,-6,1,male,30,12,103
ddvgAFRIiaNQjrKNrrL7,3,5,-2,0,-9,1,male,30,12,104
ddvgAFRIiaNQjrKNrrL7,3,8,-2,0,-12,0,male,30,12,105
pJJGIRF2ullknTQUvpn3,1,31,-9,0,-12,1,female,27,13,1
pJJGIRF2ullknTQUvpn3,1,28,-8,0,-10,0,female,27,13,2
pJJGIRF2ullknTQUvpn3,1,21,-5,0,-6,1,female,27,13,3
pJJGIRF2ullknTQUvpn3,1,26,-6,0,-10,0,female,27,13,4
pJJGIRF2ullknTQUvpn3,1,33,-10,0,-12,1,female,27,13,5
pJJGIRF2ullknTQUvpn3,1,20,-4,0,-12,0,female,27,13,6
pJJGIRF2ullknTQUvpn3,1,35,-8,0,-2,1,female,27,13,7
pJJGIRF2ullknTQUvpn3,1,13,-3,0,-10,0,female,27,13,8
pJJGIRF2ullknTQUvpn3,1,22,-5,0,-8,0,female,27,13,9
pJJGIRF2ullknTQUvpn3,1,6,-2,0,-10,0,female,27,13,10
pJJGIRF2ullknTQUvpn3,1,7,-2,0,-11,0,female,27,13,11
pJJGIRF2ullknTQUvpn3,1,1,-2,0,-4,0,female,27,13,12
pJJGIRF2ullknTQUvpn3,1,16,-4,0,-5,1,female,27,13,13
pJJGIRF2ullknTQUvpn3,1,23,-5,0,-10,0,female,27,13,14
pJJGIRF2ullknTQUvpn3,1,29,-8,0,-12,0,female,27,13,15
pJJGIRF2ullknTQUvpn3,1,25,-6,0,-8,1,female,27,13,16
pJJGIRF2ullknTQUvpn3,1,11,-3,0,-6,0,female,27,13,17
pJJGIRF2ullknTQUvpn3,1,4,-2,0,-8,0,female,27,13,18
pJJGIRF2ullknTQUvpn3,1,15,-3,0,-9,0,female,27,13,19
pJJGIRF2ullknTQUvpn3,1,34,-10,0,-5,1,female,27,13,20
pJJGIRF2ullknTQUvpn3,1,12,-3,0,-8,0,female,27,13,21
pJJGIRF2ullknTQUvpn3,1,5,-2,0,-9,0,female,27,13,22
pJJGIRF2ullknTQUvpn3,1,17,-4,0,-6,1,female,27,13,23
pJJGIRF2ullknTQUvpn3,1,19,-4,0,-10,0,female,27,13,24
pJJGIRF2ullknTQUvpn3,1,14,-3,0,-12,0,female,27,13,25
pJJGIRF2ullknTQUvpn3,1,18,-4,0,-8,0,female,27,13,26
pJJGIRF2ullknTQUvpn3,1,30,-8,0,-11,0,female,27,13,27
pJJGIRF2ullknTQUvpn3,1,3,-2,0,-6,0,female,27,13,28
pJJGIRF2ullknTQUvpn3,1,8,-2,0,-12,0,female,27,13,29
pJJGIRF2ullknTQUvpn3,1,9,-3,0,-4,1,female,27,13,30
pJJGIRF2ullknTQUvpn3,1,27,-6,0,-12,0,female,27,13,31
pJJGIRF2ullknTQUvpn3,1,32,-9,0,-11,1,female,27,13,32
pJJGIRF2ullknTQUvpn3,1,24,-5,0,-12,0,female,27,13,33
pJJGIRF2ullknTQUvpn3,1,10,-3,0,-5,1,female,27,13,34
pJJGIRF2ullknTQUvpn3,1,2,-2,0,-5,0,female,27,13,35
pJJGIRF2ullknTQUvpn3,2,31,-9,0,-12,0,female,27,13,36
pJJGIRF2ullknTQUvpn3,2,28,-8,0,-10,1,female,27,13,37
pJJGIRF2ullknTQUvpn3,2,21,-5,0,-6,1,female,27,13,38
pJJGIRF2ullknTQUvpn3,2,26,-6,0,-10,0,female,27,13,39
pJJGIRF2ullknTQUvpn3,2,33,-10,0,-12,1,female,27,13,40
pJJGIRF2ullknTQUvpn3,2,20,-4,0,-12,0,female,27,13,41
pJJGIRF2ullknTQUvpn3,2,35,-8,0,-2,1,female,27,13,42
pJJGIRF2ullknTQUvpn3,2,13,-3,0,-10,0,female,27,13,43
pJJGIRF2ullknTQUvpn3,2,22,-5,0,-8,0,female,27,13,44
pJJGIRF2ullknTQUvpn3,2,6,-2,0,-10,0,female,27,13,45
pJJGIRF2ullknTQUvpn3,2,7,-2,0,-11,0,female,27,13,46
pJJGIRF2ullknTQUvpn3,2,1,-2,0,-4,0,female,27,13,47
pJJGIRF2ullknTQUvpn3,2,16,-4,0,-5,1,female,27,13,48
pJJGIRF2ullknTQUvpn3,2,23,-5,0,-10,0,female,27,13,49
pJJGIRF2ullknTQUvpn3,2,29,-8,0,-12,0,female,27,13,50
pJJGIRF2ullknTQUvpn3,2,25,-6,0,-8,1,female,27,13,51
pJJGIRF2ullknTQUvpn3,2,11,-3,0,-6,0,female,27,13,52
pJJGIRF2ullknTQUvpn3,2,4,-2,0,-8,0,female,27,13,53
pJJGIRF2ullknTQUvpn3,2,15,-3,0,-9,0,female,27,13,54
pJJGIRF2ullknTQUvpn3,2,34,-10,0,-5,1,female,27,13,55
pJJGIRF2ullknTQUvpn3,2,12,-3,0,-8,0,female,27,13,56
pJJGIRF2ullknTQUvpn3,2,5,-2,0,-9,0,female,27,13,57
pJJGIRF2ullknTQUvpn3,2,17,-4,0,-6,1,female,27,13,58
pJJGIRF2ullknTQUvpn3,2,19,-4,0,-10,0,female,27,13,59
pJJGIRF2ullknTQUvpn3,2,14,-3,0,-12,0,female,27,13,60
pJJGIRF2ullknTQUvpn3,2,18,-4,0,-8,0,female,27,13,61
pJJGIRF2ullknTQUvpn3,2,30,-8,0,-11,0,female,27,13,62
pJJGIRF2ullknTQUvpn3,2,3,-2,0,-6,0,female,27,13,63
pJJGIRF2ullknTQUvpn3,2,8,-2,0,-12,0,female,27,13,64
pJJGIRF2ullknTQUvpn3,2,9,-3,0,-4,1,female,27,13,65
pJJGIRF2ullknTQUvpn3,2,27,-6,0,-12,0,female,27,13,66
pJJGIRF2ullknTQUvpn3,2,32,-9,0,-11,1,female,27,13,67
pJJGIRF2ullknTQUvpn3,2,24,-5,0,-12,0,female,27,13,68
pJJGIRF2ullknTQUvpn3,2,10,-3,0,-5,0,female,27,13,69
pJJGIRF2ullknTQUvpn3,2,2,-2,0,-5,0,female,27,13,70
pJJGIRF2ullknTQUvpn3,3,31,-9,0,-12,1,female,27,13,71
pJJGIRF2ullknTQUvpn3,3,28,-8,0,-10,1,female,27,13,72
pJJGIRF2ullknTQUvpn3,3,21,-5,0,-6,1,female,27,13,73
pJJGIRF2ullknTQUvpn3,3,26,-6,0,-10,0,female,27,13,74
pJJGIRF2ullknTQUvpn3,3,33,-10,0,-12,1,female,27,13,75
pJJGIRF2ullknTQUvpn3,3,20,-4,0,-12,0,female,27,13,76
pJJGIRF2ullknTQUvpn3,3,35,-8,0,-2,1,female,27,13,77
pJJGIRF2ullknTQUvpn3,3,13,-3,0,-10,0,female,27,13,78
pJJGIRF2ullknTQUvpn3,3,22,-5,0,-8,0,female,27,13,79
pJJGIRF2ullknTQUvpn3,3,6,-2,0,-10,0,female,27,13,80
pJJGIRF2ullknTQUvpn3,3,7,-2,0,-11,0,female,27,13,81
pJJGIRF2ullknTQUvpn3,3,1,-2,0,-4,0,female,27,13,82
pJJGIRF2ullknTQUvpn3,3,16,-4,0,-5,1,female,27,13,83
pJJGIRF2ullknTQUvpn3,3,23,-5,0,-10,0,female,27,13,84
pJJGIRF2ullknTQUvpn3,3,29,-8,0,-12,0,female,27,13,85
pJJGIRF2ullknTQUvpn3,3,25,-6,0,-8,1,female,27,13,86
pJJGIRF2ullknTQUvpn3,3,11,-3,0,-6,0,female,27,13,87
pJJGIRF2ullknTQUvpn3,3,4,-2,0,-8,0,female,27,13,88
pJJGIRF2ullknTQUvpn3,3,15,-3,0,-9,0,female,27,13,89
pJJGIRF2ullknTQUvpn3,3,34,-10,0,-5,1,female,27,13,90
pJJGIRF2ullknTQUvpn3,3,12,-3,0,-8,0,female,27,13,91
pJJGIRF2ullknTQUvpn3,3,5,-2,0,-9,0,female,27,13,92
pJJGIRF2ullknTQUvpn3,3,17,-4,0,-6,0,female,27,13,93
pJJGIRF2ullknTQUvpn3,3,19,-4,0,-10,0,female,27,13,94
pJJGIRF2ullknTQUvpn3,3,14,-3,0,-12,0,female,27,13,95
pJJGIRF2ullknTQUvpn3,3,18,-4,0,-8,0,female,27,13,96
pJJGIRF2ullknTQUvpn3,3,30,-8,0,-11,1,female,27,13,97
pJJGIRF2ullknTQUvpn3,3,3,-2,0,-6,0,female,27,13,98
pJJGIRF2ullknTQUvpn3,3,8,-2,0,-12,0,female,27,13,99
pJJGIRF2ullknTQUvpn3,3,9,-3,0,-4,1,female,27,13,100
pJJGIRF2ullknTQUvpn3,3,27,-6,0,-12,0,female,27,13,101
pJJGIRF2ullknTQUvpn3,3,32,-9,0,-11,1,female,27,13,102
pJJGIRF2ullknTQUvpn3,3,24,-5,0,-12,0,female,27,13,103
pJJGIRF2ullknTQUvpn3,3,10,-3,0,-5,0,female,27,13,104
pJJGIRF2ullknTQUvpn3,3,2,-2,0,-5,0,female,27,13,105
qbP1cz1cIpIKMXJJ38hs,1,9,-3,0,-4,1,male,34,14,1
qbP1cz1cIpIKMXJJ38hs,1,26,-6,0,-10,1,male,34,14,2
qbP1cz1cIpIKMXJJ38hs,1,27,-6,0,-12,1,male,34,14,3
qbP1cz1cIpIKMXJJ38hs,1,6,-2,0,-10,0,male,34,14,4
qbP1cz1cIpIKMXJJ38hs,1,21,-5,0,-6,1,male,34,14,5
qbP1cz1cIpIKMXJJ38hs,1,12,-3,0,-8,1,male,34,14,6
qbP1cz1cIpIKMXJJ38hs,1,20,-4,0,-12,1,male,34,14,7
qbP1cz1cIpIKMXJJ38hs,1,11,-3,0,-6,1,male,34,14,8
qbP1cz1cIpIKMXJJ38hs,1,3,-2,0,-6,1,male,34,14,9
qbP1cz1cIpIKMXJJ38hs,1,17,-4,0,-6,1,male,34,14,10
qbP1cz1cIpIKMXJJ38hs,1,13,-3,0,-10,0,male,34,14,11
qbP1cz1cIpIKMXJJ38hs,1,8,-2,0,-12,0,male,34,14,12
qbP1cz1cIpIKMXJJ38hs,1,23,-5,0,-10,0,male,34,14,13
qbP1cz1cIpIKMXJJ38hs,1,25,-6,0,-8,1,male,34,14,14
qbP1cz1cIpIKMXJJ38hs,1,14,-3,0,-12,1,male,34,14,15
qbP1cz1cIpIKMXJJ38hs,1,22,-5,0,-8,1,male,34,14,16
qbP1cz1cIpIKMXJJ38hs,1,34,-10,0,-5,1,male,34,14,17
qbP1cz1cIpIKMXJJ38hs,1,5,-2,0,-9,1,male,34,14,18
qbP1cz1cIpIKMXJJ38hs,1,29,-8,0,-12,0,male,34,14,19
qbP1cz1cIpIKMXJJ38hs,1,10,-3,0,-5,0,male,34,14,20
qbP1cz1cIpIKMXJJ38hs,1,31,-9,0,-12,1,male,34,14,21
qbP1cz1cIpIKMXJJ38hs,1,7,-2,0,-11,0,male,34,14,22
qbP1cz1cIpIKMXJJ38hs,1,19,-4,0,-10,0,male,34,14,23
qbP1cz1cIpIKMXJJ38hs,1,32,-9,0,-11,0,male,34,14,24
qbP1cz1cIpIKMXJJ38hs,1,28,-8,0,-10,0,male,34,14,25
qbP1cz1cIpIKMXJJ38hs,1,33,-10,0,-12,0,male,34,14,26
qbP1cz1cIpIKMXJJ38hs,1,1,-2,0,-4,0,male,34,14,27
qbP1cz1cIpIKMXJJ38hs,1,16,-4,0,-5,0,male,34,14,28
qbP1cz1cIpIKMXJJ38hs,1,24,-5,0,-12,0,male,34,14,29
qbP1cz1cIpIKMXJJ38hs,1,15,-3,0,-9,0,male,34,14,30
qbP1cz1cIpIKMXJJ38hs,1,35,-8,0,-2,0,male,34,14,31
qbP1cz1cIpIKMXJJ38hs,1,18,-4,0,-8,0,male,34,14,32
qbP1cz1cIpIKMXJJ38hs,1,2,-2,0,-5,0,male,34,14,33
qbP1cz1cIpIKMXJJ38hs,1,30,-8,0,-11,0,male,34,14,34
qbP1cz1cIpIKMXJJ38hs,1,4,-2,0,-8,0,male,34,14,35
qbP1cz1cIpIKMXJJ38hs,2,9,-3,0,-4,0,male,34,14,36
qbP1cz1cIpIKMXJJ38hs,2,26,-6,0,-10,1,male,34,14,37
qbP1cz1cIpIKMXJJ38hs,2,27,-6,0,-12,0,male,34,14,38
qbP1cz1cIpIKMXJJ38hs,2,6,-2,0,-10,1,male,34,14,39
qbP1cz1cIpIKMXJJ38hs,2,21,-5,0,-6,0,male,34,14,40
qbP1cz1cIpIKMXJJ38hs,2,12,-3,0,-8,1,male,34,14,41
qbP1cz1cIpIKMXJJ38hs,2,20,-4,0,-12,1,male,34,14,42
qbP1cz1cIpIKMXJJ38hs,2,11,-3,0,-6,1,male,34,14,43
qbP1cz1cIpIKMXJJ38hs,2,3,-2,0,-6,1,male,34,14,44
qbP1cz1cIpIKMXJJ38hs,2,17,-4,0,-6,1,male,34,14,45
qbP1cz1cIpIKMXJJ38hs,2,13,-3,0,-10,1,male,34,14,46
qbP1cz1cIpIKMXJJ38hs,2,8,-2,0,-12,1,male,34,14,47
qbP1cz1cIpIKMXJJ38hs,2,23,-5,0,-10,1,male,34,14,48
qbP1cz1cIpIKMXJJ38hs,2,25,-6,0,-8,1,male,34,14,49
qbP1cz1cIpIKMXJJ38hs,2,14,-3,0,-12,1,male,34,14,50
qbP1cz1cIpIKMXJJ38hs,2,22,-5,0,-8,1,male,34,14,51
qbP1cz1cIpIKMXJJ38hs,2,34,-10,0,-5,1,male,34,14,52
qbP1cz1cIpIKMXJJ38hs,2,5,-2,0,-9,1,male,34,14,53
qbP1cz1cIpIKMXJJ38hs,2,29,-8,0,-12,1,male,34,14,54
qbP1cz1cIpIKMXJJ38hs,2,10,-3,0,-5,1,male,34,14,55
qbP1cz1cIpIKMXJJ38hs,2,31,-9,0,-12,1,male,34,14,56
qbP1cz1cIpIKMXJJ38hs,2,7,-2,0,-11,1,male,34,14,57
qbP1cz1cIpIKMXJJ38hs,2,19,-4,0,-10,1,male,34,14,58
qbP1cz1cIpIKMXJJ38hs,2,32,-9,0,-11,1,male,34,14,59
qbP1cz1cIpIKMXJJ38hs,2,28,-8,0,-10,1,male,34,14,60
qbP1cz1cIpIKMXJJ38hs,2,33,-10,0,-12,1,male,34,14,61
qbP1cz1cIpIKMXJJ38hs,2,1,-2,0,-4,1,male,34,14,62
qbP1cz1cIpIKMXJJ38hs,2,16,-4,0,-5,1,male,34,14,63
qbP1cz1cIpIKMXJJ38hs,2,24,-5,0,-12,1,male,34,14,64
qbP1cz1cIpIKMXJJ38hs,2,15,-3,0,-9,1,male,34,14,65
qbP1cz1cIpIKMXJJ38hs,2,35,-8,0,-2,1,male,34,14,66
qbP1cz1cIpIKMXJJ38hs,2,18,-4,0,-8,1,male,34,14,67
qbP1cz1cIpIKMXJJ38hs,2,2,-2,0,-5,1,male,34,14,68
qbP1cz1cIpIKMXJJ38hs,2,30,-8,0,-11,1,male,34,14,69
qbP1cz1cIpIKMXJJ38hs,2,4,-2,0,-8,1,male,34,14,70
qbP1cz1cIpIKMXJJ38hs,3,9,-3,0,-4,1,male,34,14,71
qbP1cz1cIpIKMXJJ38hs,3,26,-6,0,-10,1,male,34,14,72
qbP1cz1cIpIKMXJJ38hs,3,27,-6,0,-12,1,male,34,14,73
qbP1cz1cIpIKMXJJ38hs,3,6,-2,0,-10,1,male,34,14,74
qbP1cz1cIpIKMXJJ38hs,3,21,-5,0,-6,1,male,34,14,75
qbP1cz1cIpIKMXJJ38hs,3,12,-3,0,-8,1,male,34,14,76
qbP1cz1cIpIKMXJJ38hs,3,20,-4,0,-12,1,male,34,14,77
qbP1cz1cIpIKMXJJ38hs,3,11,-3,0,-6,1,male,34,14,78
qbP1cz1cIpIKMXJJ38hs,3,3,-2,0,-6,0,male,34,14,79
qbP1cz1cIpIKMXJJ38hs,3,17,-4,0,-6,0,male,34,14,80
qbP1cz1cIpIKMXJJ38hs,3,13,-3,0,-10,1,male,34,14,81
qbP1cz1cIpIKMXJJ38hs,3,8,-2,0,-12,0,male,34,14,82
qbP1cz1cIpIKMXJJ38hs,3,23,-5,0,-10,0,male,34,14,83
qbP1cz1cIpIKMXJJ38hs,3,25,-6,0,-8,1,male,34,14,84
qbP1cz1cIpIKMXJJ38hs,3,14,-3,0,-12,0,male,34,14,85
qbP1cz1cIpIKMXJJ38hs,3,22,-5,0,-8,0,male,34,14,86
qbP1cz1cIpIKMXJJ38hs,3,34,-10,0,-5,0,male,34,14,87
qbP1cz1cIpIKMXJJ38hs,3,5,-2,0,-9,1,male,34,14,88
qbP1cz1cIpIKMXJJ38hs,3,29,-8,0,-12,0,male,34,14,89
qbP1cz1cIpIKMXJJ38hs,3,10,-3,0,-5,0,male,34,14,90
qbP1cz1cIpIKMXJJ38hs,3,31,-9,0,-12,0,male,34,14,91
qbP1cz1cIpIKMXJJ38hs,3,7,-2,0,-11,0,male,34,14,92
qbP1cz1cIpIKMXJJ38hs,3,19,-4,0,-10,0,male,34,14,93
qbP1cz1cIpIKMXJJ38hs,3,32,-9,0,-11,0,male,34,14,94
qbP1cz1cIpIKMXJJ38hs,3,28,-8,0,-10,0,male,34,14,95
qbP1cz1cIpIKMXJJ38hs,3,33,-10,0,-12,0,male,34,14,96
qbP1cz1cIpIKMXJJ38hs,3,1,-2,0,-4,0,male,34,14,97
qbP1cz1cIpIKMXJJ38hs,3,16,-4,0,-5,1,male,34,14,98
qbP1cz1cIpIKMXJJ38hs,3,24,-5,0,-12,0,male,34,14,99
qbP1cz1cIpIKMXJJ38hs,3,15,-3,0,-9,1,male,34,14,100
qbP1cz1cIpIKMXJJ38hs,3,35,-8,0,-2,1,male,34,14,101
qbP1cz1cIpIKMXJJ38hs,3,18,-4,0,-8,1,male,34,14,102
qbP1cz1cIpIKMXJJ38hs,3,2,-2,0,-5,0,male,34,14,103
qbP1cz1cIpIKMXJJ38hs,3,30,-8,0,-11,0,male,34,14,104
qbP1cz1cIpIKMXJJ38hs,3,4,-2,0,-8,0,male,34,14,105
r6eh1iD4UUEFAr9hfoVL,1,2,-2,0,-5,0,female,33,15,1
r6eh1iD4UUEFAr9hfoVL,1,19,-4,0,-10,0,female,33,15,2
r6eh1iD4UUEFAr9hfoVL,1,29,-8,0,-12,0,female,33,15,3
r6eh1iD4UUEFAr9hfoVL,1,23,-5,0,-10,0,female,33,15,4
r6eh1iD4UUEFAr9hfoVL,1,6,-2,0,-10,0,female,33,15,5
r6eh1iD4UUEFAr9hfoVL,1,10,-3,0,-5,0,female,33,15,6
r6eh1iD4UUEFAr9hfoVL,1,24,-5,0,-12,0,female,33,15,7
r6eh1iD4UUEFAr9hfoVL,1,22,-5,0,-8,0,female,33,15,8
r6eh1iD4UUEFAr9hfoVL,1,25,-6,0,-8,1,female,33,15,9
r6eh1iD4UUEFAr9hfoVL,1,26,-6,0,-10,0,female,33,15,10
r6eh1iD4UUEFAr9hfoVL,1,17,-4,0,-6,0,female,33,15,11
r6eh1iD4UUEFAr9hfoVL,1,4,-2,0,-8,0,female,33,15,12
r6eh1iD4UUEFAr9hfoVL,1,16,-4,0,-5,1,female,33,15,13
r6eh1iD4UUEFAr9hfoVL,1,3,-2,0,-6,0,female,33,15,14
r6eh1iD4UUEFAr9hfoVL,1,13,-3,0,-10,0,female,33,15,15
r6eh1iD4UUEFAr9hfoVL,1,34,-10,0,-5,1,female,33,15,16
r6eh1iD4UUEFAr9hfoVL,1,14,-3,0,-12,0,female,33,15,17
r6eh1iD4UUEFAr9hfoVL,1,7,-2,0,-11,0,female,33,15,18
r6eh1iD4UUEFAr9hfoVL,1,35,-8,0,-2,1,female,33,15,19
r6eh1iD4UUEFAr9hfoVL,1,21,-5,0,-6,1,female,33,15,20
r6eh1iD4UUEFAr9hfoVL,1,27,-6,0,-12,0,female,33,15,21
r6eh1iD4UUEFAr9hfoVL,1,15,-3,0,-9,0,female,33,15,22
r6eh1iD4UUEFAr9hfoVL,1,20,-4,0,-12,0,female,33,15,23
r6eh1iD4UUEFAr9hfoVL,1,33,-10,0,-12,1,female,33,15,24
r6eh1iD4UUEFAr9hfoVL,1,32,-9,0,-11,0,female,33,15,25
r6eh1iD4UUEFAr9hfoVL,1,30,-8,0,-11,0,female,33,15,26
r6eh1iD4UUEFAr9hfoVL,1,31,-9,0,-12,0,female,33,15,27
r6eh1iD4UUEFAr9hfoVL,1,12,-3,0,-8,0,female,33,15,28
r6eh1iD4UUEFAr9hfoVL,1,5,-2,0,-9,0,female,33,15,29
r6eh1iD4UUEFAr9hfoVL,1,8,-2,0,-12,0,female,33,15,30
r6eh1iD4UUEFAr9hfoVL,1,1,-2,0,-4,1,female,33,15,31
r6eh1iD4UUEFAr9hfoVL,1,9,-3,0,-4,1,female,33,15,32
r6eh1iD4UUEFAr9hfoVL,1,11,-3,0,-6,0,female,33,15,33
r6eh1iD4UUEFAr9hfoVL,1,18,-4,0,-8,0,female,33,15,34
r6eh1iD4UUEFAr9hfoVL,1,28,-8,0,-10,1,female,33,15,35
r6eh1iD4UUEFAr9hfoVL,2,2,-2,0,-5,0,female,33,15,36
r6eh1iD4UUEFAr9hfoVL,2,19,-4,0,-10,0,female,33,15,37
r6eh1iD4UUEFAr9hfoVL,2,29,-8,0,-12,0,female,33,15,38
r6eh1iD4UUEFAr9hfoVL,2,23,-5,0,-10,0,female,33,15,39
r6eh1iD4UUEFAr9hfoVL,2,6,-2,0,-10,0,female,33,15,40
r6eh1iD4UUEFAr9hfoVL,2,10,-3,0,-5,1,female,33,15,41
r6eh1iD4UUEFAr9hfoVL,2,24,-5,0,-12,0,female,33,15,42
r6eh1iD4UUEFAr9hfoVL,2,22,-5,0,-8,0,female,33,15,43
r6eh1iD4UUEFAr9hfoVL,2,25,-6,0,-8,1,female,33,15,44
r6eh1iD4UUEFAr9hfoVL,2,26,-6,0,-10,0,female,33,15,45
r6eh1iD4UUEFAr9hfoVL,2,17,-4,0,-6,1,female,33,15,46
r6eh1iD4UUEFAr9hfoVL,2,4,-2,0,-8,0,female,33,15,47
r6eh1iD4UUEFAr9hfoVL,2,16,-4,0,-5,1,female,33,15,48
r6eh1iD4UUEFAr9hfoVL,2,3,-2,0,-6,0,female,33,15,49
r6eh1iD4UUEFAr9hfoVL,2,13,-3,0,-10,0,female,33,15,50
r6eh1iD4UUEFAr9hfoVL,2,34,-10,0,-5,1,female,33,15,51
r6eh1iD4UUEFAr9hfoVL,2,14,-3,0,-12,0,female,33,15,52
r6eh1iD4UUEFAr9hfoVL,2,7,-2,0,-11,0,female,33,15,53
r6eh1iD4UUEFAr9hfoVL,2,35,-8,0,-2,1,female,33,15,54
r6eh1iD4UUEFAr9hfoVL,2,21,-5,0,-6,1,female,33,15,55
r6eh1iD4UUEFAr9hfoVL,2,27,-6,0,-12,0,female,33,15,56
r6eh1iD4UUEFAr9hfoVL,2,15,-3,0,-9,0,female,33,15,57
r6eh1iD4UUEFAr9hfoVL,2,20,-4,0,-12,0,female,33,15,58
r6eh1iD4UUEFAr9hfoVL,2,33,-10,0,-12,1,female,33,15,59
r6eh1iD4UUEFAr9hfoVL,2,32,-9,0,-11,0,female,33,15,60
r6eh1iD4UUEFAr9hfoVL,2,30,-8,0,-11,0,female,33,15,61
r6eh1iD4UUEFAr9hfoVL,2,31,-9,0,-12,0,female,33,15,62
r6eh1iD4UUEFAr9hfoVL,2,12,-3,0,-8,0,female,33,15,63
r6eh1iD4UUEFAr9hfoVL,2,5,-2,0,-9,0,female,33,15,64
r6eh1iD4UUEFAr9hfoVL,2,8,-2,0,-12,0,female,33,15,65
r6eh1iD4UUEFAr9hfoVL,2,1,-2,0,-4,1,female,33,15,66
r6eh1iD4UUEFAr9hfoVL,2,9,-3,0,-4,1,female,33,15,67
r6eh1iD4UUEFAr9hfoVL,2,11,-3,0,-6,0,female,33,15,68
r6eh1iD4UUEFAr9hfoVL,2,18,-4,0,-8,0,female,33,15,69
r6eh1iD4UUEFAr9hfoVL,2,28,-8,0,-10,1,female,33,15,70
r6eh1iD4UUEFAr9hfoVL,3,2,-2,0,-5,0,female,33,15,71
r6eh1iD4UUEFAr9hfoVL,3,19,-4,0,-10,0,female,33,15,72
r6eh1iD4UUEFAr9hfoVL,3,29,-8,0,-12,0,female,33,15,73
r6eh1iD4UUEFAr9hfoVL,3,23,-5,0,-10,0,female,33,15,74
r6eh1iD4UUEFAr9hfoVL,3,6,-2,0,-10,0,female,33,15,75
r6eh1iD4UUEFAr9hfoVL,3,10,-3,0,-5,1,female,33,15,76
r6eh1iD4UUEFAr9hfoVL,3,24,-5,0,-12,0,female,33,15,77
r6eh1iD4UUEFAr9hfoVL,3,22,-5,0,-8,0,female,33,15,78
r6eh1iD4UUEFAr9hfoVL,3,25,-6,0,-8,1,female,33,15,79
r6eh1iD4UUEFAr9hfoVL,3,26,-6,0,-10,0,female,33,15,80
r6eh1iD4UUEFAr9hfoVL,3,17,-4,0,-6,1,female,33,15,81
r6eh1iD4UUEFAr9hfoVL,3,4,-2,0,-8,0,female,33,15,82
r6eh1iD4UUEFAr9hfoVL,3,16,-4,0,-5,1,female,33,15,83
r6eh1iD4UUEFAr9hfoVL,3,3,-2,0,-6,1,female,33,15,84
r6eh1iD4UUEFAr9hfoVL,3,13,-3,0,-10,0,female,33,15,85
r6eh1iD4UUEFAr9hfoVL,3,34,-10,0,-5,1,female,33,15,86
r6eh1iD4UUEFAr9hfoVL,3,14,-3,0,-12,0,female,33,15,87
r6eh1iD4UUEFAr9hfoVL,3,7,-2,0,-11,0,female,33,15,88
r6eh1iD4UUEFAr9hfoVL,3,35,-8,0,-2,1,female,33,15,89
r6eh1iD4UUEFAr9hfoVL,3,21,-5,0,-6,1,female,33,15,90
r6eh1iD4UUEFAr9hfoVL,3,27,-6,0,-12,0,female,33,15,91
r6eh1iD4UUEFAr9hfoVL,3,15,-3,0,-9,0,female,33,15,92
r6eh1iD4UUEFAr9hfoVL,3,20,-4,0,-12,0,female,33,15,93
r6eh1iD4UUEFAr9hfoVL,3,33,-10,0,-12,1,female,33,15,94
r6eh1iD4UUEFAr9hfoVL,3,32,-9,0,-11,0,female,33,15,95
r6eh1iD4UUEFAr9hfoVL,3,30,-8,0,-11,0,female,33,15,96
r6eh1iD4UUEFAr9hfoVL,3,31,-9,0,-12,0,female,33,15,97
r6eh1iD4UUEFAr9hfoVL,3,12,-3,0,-8,0,female,33,15,98
r6eh1iD4UUEFAr9hfoVL,3,5,-2,0,-9,0,female,33,15,99
r6eh1iD4UUEFAr9hfoVL,3,8,-2,0,-12,0,female,33,15,100
r6eh1iD4UUEFAr9hfoVL,3,1,-2,0,-4,1,female,33,15,101
r6eh1iD4UUEFAr9hfoVL,3,9,-3,0,-4,1,female,33,15,102
r6eh1iD4UUEFAr9hfoVL,3,11,-3,0,-6,0,female,33,15,103
r6eh1iD4UUEFAr9hfoVL,3,18,-4,0,-8,0,female,33,15,104
r6eh1iD4UUEFAr9hfoVL,3,28,-8,0,-10,1,female,33,15,105
